,Lieblingsband,Dauer_Hoeren,Training_jetzt,Training_frueher,key_resp_instruction_general.keys,key_resp_instruction_general.rt,rating_pop.response,rating_rock.response,rating_hiphop.response,rating_latin.response,rating_soul.response,rating_hardrock.response,rating_electronic.response,rating_newage.response,rating_folk.response,rating_classic.response,rating_jazz.response,rating_entspannung.response,rating_aktivierung.response,rating_ablenkung.response,rating_aggressionsabbau.response,rating_arbeiten.response,rating_hervorrufen.response,rating_verstaerken.response,rating_langeweile.response,rating_einsamkeit.response,rating_musik.response,rating_disco.response,rating_party.response,rating_concerts.response,rating_concerts_classic.response,rating_hintergrund.response,rating_musizieren.response,rating_alleine.response,rating_freunde.response,rating_active.response,rating_active_past.response,rating_importance.response,key_resp_chills.keys,key_resp_chills.rt,rating_quantity.response,rating_quality.response,date,frameRate,expName,session,participant,Unnamed: 47
0,"piano guys, klassik, singer song writer",,,,,,,,,,,,,,,,,,,,,,,,,,,,,,,,,,,,,,,,,,2018_Jun_12_1826,,untitled,1,sub-03,
1,,1h,,,,,,,,,,,,,,,,,,,,,,,,,,,,,,,,,,,,,,,,,2018_Jun_12_1826,,untitled,1,sub-03,
2,,,"Geige (19J), Klavier (10J), Singen (16J.)",,,,,,,,,,,,,,,,,,,,,,,,,,,,,,,,,,,,,,,,2018_Jun_12_1826,,untitled,1,sub-03,
3,,,,,,,,,,,,,,,,,,,,,,,,,,,,,,,,,,,,,,,,,,,2018_Jun_12_1826,,untitled,1,sub-03,
4,,,,,right,15.505042076099999,,,,,,,,,,,,,,,,,,,,,,,,,,,,,,,,,,,,,2018_Jun_12_1826,60.229325850900004,untitled,1,sub-03,
5,,,,,,,4.0,,,,,,,,,,,,,,,,,,,,,,,,,,,,,,,,,,,,2018_Jun_12_1826,60.229325850900004,untitled,1,sub-03,
6,,,,,,,,4.0,,,,,,,,,,,,,,,,,,,,,,,,,,,,,,,,,,,2018_Jun_12_1826,60.229325850900004,untitled,1,sub-03,
7,,,,,,,,,2.0,,,,,,,,,,,,,,,,,,,,,,,,,,,,,,,,,,2018_Jun_12_1826,60.229325850900004,untitled,1,sub-03,
8,,,,,,,,,,4.0,,,,,,,,,,,,,,,,,,,,,,,,,,,,,,,,,2018_Jun_12_1826,60.229325850900004,untitled,1,sub-03,
9,,,,,,,,,,,3.0,,,,,,,,,,,,,,,,,,,,,,,,,,,,,,,,2018_Jun_12_1826,60.229325850900004,untitled,1,sub-03,
10,,,,,,,,,,,,1.0,,,,,,,,,,,,,,,,,,,,,,,,,,,,,,,2018_Jun_12_1826,60.229325850900004,untitled,1,sub-03,
11,,,,,,,,,,,,,1.0,,,,,,,,,,,,,,,,,,,,,,,,,,,,,,2018_Jun_12_1826,60.229325850900004,untitled,1,sub-03,
12,,,,,,,,,,,,,,2.0,,,,,,,,,,,,,,,,,,,,,,,,,,,,,2018_Jun_12_1826,60.229325850900004,untitled,1,sub-03,
13,,,,,,,,,,,,,,,2.0,,,,,,,,,,,,,,,,,,,,,,,,,,,,2018_Jun_12_1826,60.229325850900004,untitled,1,sub-03,
14,,,,,,,,,,,,,,,,5.0,,,,,,,,,,,,,,,,,,,,,,,,,,,2018_Jun_12_1826,60.229325850900004,untitled,1,sub-03,
15,,,,,,,,,,,,,,,,,5.0,,,,,,,,,,,,,,,,,,,,,,,,,,2018_Jun_12_1826,60.229325850900004,untitled,1,sub-03,
16,,,,,,,,,,,,,,,,,,3.0,,,,,,,,,,,,,,,,,,,,,,,,,2018_Jun_12_1826,60.229325850900004,untitled,1,sub-03,
17,,,,,,,,,,,,,,,,,,,2.0,,,,,,,,,,,,,,,,,,,,,,,,2018_Jun_12_1826,60.229325850900004,untitled,1,sub-03,
18,,,,,,,,,,,,,,,,,,,,2.0,,,,,,,,,,,,,,,,,,,,,,,2018_Jun_12_1826,60.229325850900004,untitled,1,sub-03,
19,,,,,,,,,,,,,,,,,,,,,3.0,,,,,,,,,,,,,,,,,,,,,,2018_Jun_12_1826,60.229325850900004,untitled,1,sub-03,
20,,,,,,,,,,,,,,,,,,,,,,1.0,,,,,,,,,,,,,,,,,,,,,2018_Jun_12_1826,60.229325850900004,untitled,1,sub-03,
21,,,,,,,,,,,,,,,,,,,,,,,2.0,,,,,,,,,,,,,,,,,,,,2018_Jun_12_1826,60.229325850900004,untitled,1,sub-03,
22,,,,,,,,,,,,,,,,,,,,,,,,3.0,,,,,,,,,,,,,,,,,,,2018_Jun_12_1826,60.229325850900004,untitled,1,sub-03,
23,,,,,,,,,,,,,,,,,,,,,,,,,4.0,,,,,,,,,,,,,,,,,,2018_Jun_12_1826,60.229325850900004,untitled,1,sub-03,
24,,,,,,,,,,,,,,,,,,,,,,,,,,3.0,,,,,,,,,,,,,,,,,2018_Jun_12_1826,60.229325850900004,untitled,1,sub-03,
25,,,,,,,,,,,,,,,,,,,,,,,,,,,5.0,,,,,,,,,,,,,,,,2018_Jun_12_1826,60.229325850900004,untitled,1,sub-03,
26,,,,,,,,,,,,,,,,,,,,,,,,,,,,2.0,,,,,,,,,,,,,,,2018_Jun_12_1826,60.229325850900004,untitled,1,sub-03,
27,,,,,,,,,,,,,,,,,,,,,,,,,,,,,1.0,,,,,,,,,,,,,,2018_Jun_12_1826,60.229325850900004,untitled,1,sub-03,
28,,,,,,,,,,,,,,,,,,,,,,,,,,,,,,1.0,,,,,,,,,,,,,2018_Jun_12_1826,60.229325850900004,untitled,1,sub-03,
29,,,,,,,,,,,,,,,,,,,,,,,,,,,,,,,3.0,,,,,,,,,,,,2018_Jun_12_1826,60.229325850900004,untitled,1,sub-03,
30,,,,,,,,,,,,,,,,,,,,,,,,,,,,,,,,1.0,,,,,,,,,,,2018_Jun_12_1826,60.229325850900004,untitled,1,sub-03,
31,,,,,,,,,,,,,,,,,,,,,,,,,,,,,,,,,4.0,,,,,,,,,,2018_Jun_12_1826,60.229325850900004,untitled,1,sub-03,
32,,,,,,,,,,,,,,,,,,,,,,,,,,,,,,,,,,3.0,,,,,,,,,2018_Jun_12_1826,60.229325850900004,untitled,1,sub-03,
33,,,,,,,,,,,,,,,,,,,,,,,,,,,,,,,,,,,3.0,,,,,,,,2018_Jun_12_1826,60.229325850900004,untitled,1,sub-03,
34,,,,,,,,,,,,,,,,,,,,,,,,,,,,,,,,,,,,beides,,,,,,,2018_Jun_12_1826,60.229325850900004,untitled,1,sub-03,
35,,,,,,,,,,,,,,,,,,,,,,,,,,,,,,,,,,,,,beides,,,,,,2018_Jun_12_1826,60.229325850900004,untitled,1,sub-03,
36,,,,,,,,,,,,,,,,,,,,,,,,,,,,,,,,,,,,,,5.0,,,,,2018_Jun_12_1826,60.229325850900004,untitled,1,sub-03,
37,,,,,,,,,,,,,,,,,,,,,,,,,,,,,,,,,,,,,,,right,11.160630941400001,,,2018_Jun_12_1826,60.229325850900004,untitled,1,sub-03,
38,,,,,,,,,,,,,,,,,,,,,,,,,,,,,,,,,,,,,,,,,3.0,,2018_Jun_12_1826,60.229325850900004,untitled,1,sub-03,
39,,,,,,,,,,,,,,,,,,,,,,,,,,,,,,,,,,,,,,,,,,4.0,2018_Jun_12_1826,60.229325850900004,untitled,1,sub-03,
0,The Lumineers - Folk; Sabaton - Heavy Metal; Avicii - Elektro ,,,,,,,,,,,,,,,,,,,,,,,,,,,,,,,,,,,,,,,,,,2018_Jun_17_1532,,untitled,1,sub-06,
1,,2 Stunden,,,,,,,,,,,,,,,,,,,,,,,,,,,,,,,,,,,,,,,,,2018_Jun_17_1532,,untitled,1,sub-06,
2,,,,,,,,,,,,,,,,,,,,,,,,,,,,,,,,,,,,,,,,,,,2018_Jun_17_1532,,untitled,1,sub-06,
3,,,,Chor für 7 Jahre (vor 3 Jahren),,,,,,,,,,,,,,,,,,,,,,,,,,,,,,,,,,,,,,,2018_Jun_17_1532,,untitled,1,sub-06,
4,,,,,right,18.5351989269,,,,,,,,,,,,,,,,,,,,,,,,,,,,,,,,,,,,,2018_Jun_17_1532,60.2398792417,untitled,1,sub-06,
5,,,,,,,5.0,,,,,,,,,,,,,,,,,,,,,,,,,,,,,,,,,,,,2018_Jun_17_1532,60.2398792417,untitled,1,sub-06,
6,,,,,,,,5.0,,,,,,,,,,,,,,,,,,,,,,,,,,,,,,,,,,,2018_Jun_17_1532,60.2398792417,untitled,1,sub-06,
7,,,,,,,,,3.0,,,,,,,,,,,,,,,,,,,,,,,,,,,,,,,,,,2018_Jun_17_1532,60.2398792417,untitled,1,sub-06,
8,,,,,,,,,,2.0,,,,,,,,,,,,,,,,,,,,,,,,,,,,,,,,,2018_Jun_17_1532,60.2398792417,untitled,1,sub-06,
9,,,,,,,,,,,4.0,,,,,,,,,,,,,,,,,,,,,,,,,,,,,,,,2018_Jun_17_1532,60.2398792417,untitled,1,sub-06,
10,,,,,,,,,,,,4.0,,,,,,,,,,,,,,,,,,,,,,,,,,,,,,,2018_Jun_17_1532,60.2398792417,untitled,1,sub-06,
11,,,,,,,,,,,,,5.0,,,,,,,,,,,,,,,,,,,,,,,,,,,,,,2018_Jun_17_1532,60.2398792417,untitled,1,sub-06,
12,,,,,,,,,,,,,,2.0,,,,,,,,,,,,,,,,,,,,,,,,,,,,,2018_Jun_17_1532,60.2398792417,untitled,1,sub-06,
13,,,,,,,,,,,,,,,1.0,,,,,,,,,,,,,,,,,,,,,,,,,,,,2018_Jun_17_1532,60.2398792417,untitled,1,sub-06,
14,,,,,,,,,,,,,,,,2.0,,,,,,,,,,,,,,,,,,,,,,,,,,,2018_Jun_17_1532,60.2398792417,untitled,1,sub-06,
15,,,,,,,,,,,,,,,,,3.0,,,,,,,,,,,,,,,,,,,,,,,,,,2018_Jun_17_1532,60.2398792417,untitled,1,sub-06,
16,,,,,,,,,,,,,,,,,,4.0,,,,,,,,,,,,,,,,,,,,,,,,,2018_Jun_17_1532,60.2398792417,untitled,1,sub-06,
17,,,,,,,,,,,,,,,,,,,5.0,,,,,,,,,,,,,,,,,,,,,,,,2018_Jun_17_1532,60.2398792417,untitled,1,sub-06,
18,,,,,,,,,,,,,,,,,,,,2.0,,,,,,,,,,,,,,,,,,,,,,,2018_Jun_17_1532,60.2398792417,untitled,1,sub-06,
19,,,,,,,,,,,,,,,,,,,,,3.0,,,,,,,,,,,,,,,,,,,,,,2018_Jun_17_1532,60.2398792417,untitled,1,sub-06,
20,,,,,,,,,,,,,,,,,,,,,,2.0,,,,,,,,,,,,,,,,,,,,,2018_Jun_17_1532,60.2398792417,untitled,1,sub-06,
21,,,,,,,,,,,,,,,,,,,,,,,4.0,,,,,,,,,,,,,,,,,,,,2018_Jun_17_1532,60.2398792417,untitled,1,sub-06,
22,,,,,,,,,,,,,,,,,,,,,,,,2.0,,,,,,,,,,,,,,,,,,,2018_Jun_17_1532,60.2398792417,untitled,1,sub-06,
23,,,,,,,,,,,,,,,,,,,,,,,,,5.0,,,,,,,,,,,,,,,,,,2018_Jun_17_1532,60.2398792417,untitled,1,sub-06,
24,,,,,,,,,,,,,,,,,,,,,,,,,,4.0,,,,,,,,,,,,,,,,,2018_Jun_17_1532,60.2398792417,untitled,1,sub-06,
25,,,,,,,,,,,,,,,,,,,,,,,,,,,3.0,,,,,,,,,,,,,,,,2018_Jun_17_1532,60.2398792417,untitled,1,sub-06,
26,,,,,,,,,,,,,,,,,,,,,,,,,,,,3.0,,,,,,,,,,,,,,,2018_Jun_17_1532,60.2398792417,untitled,1,sub-06,
27,,,,,,,,,,,,,,,,,,,,,,,,,,,,,1.0,,,,,,,,,,,,,,2018_Jun_17_1532,60.2398792417,untitled,1,sub-06,
28,,,,,,,,,,,,,,,,,,,,,,,,,,,,,,3.0,,,,,,,,,,,,,2018_Jun_17_1532,60.2398792417,untitled,1,sub-06,
29,,,,,,,,,,,,,,,,,,,,,,,,,,,,,,,1.0,,,,,,,,,,,,2018_Jun_17_1532,60.2398792417,untitled,1,sub-06,
30,,,,,,,,,,,,,,,,,,,,,,,,,,,,,,,,5.0,,,,,,,,,,,2018_Jun_17_1532,60.2398792417,untitled,1,sub-06,
31,,,,,,,,,,,,,,,,,,,,,,,,,,,,,,,,,1.0,,,,,,,,,,2018_Jun_17_1532,60.2398792417,untitled,1,sub-06,
32,,,,,,,,,,,,,,,,,,,,,,,,,,,,,,,,,,4.0,,,,,,,,,2018_Jun_17_1532,60.2398792417,untitled,1,sub-06,
33,,,,,,,,,,,,,,,,,,,,,,,,,,,,,,,,,,,2.0,,,,,,,,2018_Jun_17_1532,60.2398792417,untitled,1,sub-06,
34,,,,,,,,,,,,,,,,,,,,,,,,,,,,,,,,,,,,nein,,,,,,,2018_Jun_17_1532,60.2398792417,untitled,1,sub-06,
35,,,,,,,,,,,,,,,,,,,,,,,,,,,,,,,,,,,,,ich sang in einem Chor/Band,,,,,,2018_Jun_17_1532,60.2398792417,untitled,1,sub-06,
36,,,,,,,,,,,,,,,,,,,,,,,,,,,,,,,,,,,,,,4.0,,,,,2018_Jun_17_1532,60.2398792417,untitled,1,sub-06,
37,,,,,,,,,,,,,,,,,,,,,,,,,,,,,,,,,,,,,,,right,20.907778978299998,,,2018_Jun_17_1532,60.2398792417,untitled,1,sub-06,
38,,,,,,,,,,,,,,,,,,,,,,,,,,,,,,,,,,,,,,,,,3.0,,2018_Jun_17_1532,60.2398792417,untitled,1,sub-06,
39,,,,,,,,,,,,,,,,,,,,,,,,,,,,,,,,,,,,,,,,,,3.0,2018_Jun_17_1532,60.2398792417,untitled,1,sub-06,
0,"Guns N' Roses (Rock), Dream Theater (Progressive Metal)",,,,,,,,,,,,,,,,,,,,,,,,,,,,,,,,,,,,,,,,,,2001_Jan_01_0213,,untitled,1,sub-08,
1,,8 Stunden,,,,,,,,,,,,,,,,,,,,,,,,,,,,,,,,,,,,,,,,,2001_Jan_01_0213,,untitled,1,sub-08,
2,,,"Gitarre (ca. 15 Jahre), div. Chöre (20 Jahre), div. Bands (15 Jahre)",,,,,,,,,,,,,,,,,,,,,,,,,,,,,,,,,,,,,,,,2001_Jan_01_0213,,untitled,1,sub-08,
3,,,,Klavier (ca. 5 Jahre in der Kindheit),,,,,,,,,,,,,,,,,,,,,,,,,,,,,,,,,,,,,,,2001_Jan_01_0213,,untitled,1,sub-08,
4,,,,,right,15.3300418854,,,,,,,,,,,,,,,,,,,,,,,,,,,,,,,,,,,,,2001_Jan_01_0213,60.2801804825,untitled,1,sub-08,
5,,,,,,,3.0,,,,,,,,,,,,,,,,,,,,,,,,,,,,,,,,,,,,2001_Jan_01_0213,60.2801804825,untitled,1,sub-08,
6,,,,,,,,5.0,,,,,,,,,,,,,,,,,,,,,,,,,,,,,,,,,,,2001_Jan_01_0213,60.2801804825,untitled,1,sub-08,
7,,,,,,,,,2.0,,,,,,,,,,,,,,,,,,,,,,,,,,,,,,,,,,2001_Jan_01_0213,60.2801804825,untitled,1,sub-08,
8,,,,,,,,,,2.0,,,,,,,,,,,,,,,,,,,,,,,,,,,,,,,,,2001_Jan_01_0213,60.2801804825,untitled,1,sub-08,
9,,,,,,,,,,,3.0,,,,,,,,,,,,,,,,,,,,,,,,,,,,,,,,2001_Jan_01_0213,60.2801804825,untitled,1,sub-08,
10,,,,,,,,,,,,5.0,,,,,,,,,,,,,,,,,,,,,,,,,,,,,,,2001_Jan_01_0213,60.2801804825,untitled,1,sub-08,
11,,,,,,,,,,,,,1.0,,,,,,,,,,,,,,,,,,,,,,,,,,,,,,2001_Jan_01_0213,60.2801804825,untitled,1,sub-08,
12,,,,,,,,,,,,,,1.0,,,,,,,,,,,,,,,,,,,,,,,,,,,,,2001_Jan_01_0213,60.2801804825,untitled,1,sub-08,
13,,,,,,,,,,,,,,,1.0,,,,,,,,,,,,,,,,,,,,,,,,,,,,2001_Jan_01_0213,60.2801804825,untitled,1,sub-08,
14,,,,,,,,,,,,,,,,4.0,,,,,,,,,,,,,,,,,,,,,,,,,,,2001_Jan_01_0213,60.2801804825,untitled,1,sub-08,
15,,,,,,,,,,,,,,,,,5.0,,,,,,,,,,,,,,,,,,,,,,,,,,2001_Jan_01_0213,60.2801804825,untitled,1,sub-08,
16,,,,,,,,,,,,,,,,,,4.0,,,,,,,,,,,,,,,,,,,,,,,,,2001_Jan_01_0213,60.2801804825,untitled,1,sub-08,
17,,,,,,,,,,,,,,,,,,,5.0,,,,,,,,,,,,,,,,,,,,,,,,2001_Jan_01_0213,60.2801804825,untitled,1,sub-08,
18,,,,,,,,,,,,,,,,,,,,2.0,,,,,,,,,,,,,,,,,,,,,,,2001_Jan_01_0213,60.2801804825,untitled,1,sub-08,
19,,,,,,,,,,,,,,,,,,,,,3.0,,,,,,,,,,,,,,,,,,,,,,2001_Jan_01_0213,60.2801804825,untitled,1,sub-08,
20,,,,,,,,,,,,,,,,,,,,,,4.0,,,,,,,,,,,,,,,,,,,,,2001_Jan_01_0213,60.2801804825,untitled,1,sub-08,
21,,,,,,,,,,,,,,,,,,,,,,,3.0,,,,,,,,,,,,,,,,,,,,2001_Jan_01_0213,60.2801804825,untitled,1,sub-08,
22,,,,,,,,,,,,,,,,,,,,,,,,3.0,,,,,,,,,,,,,,,,,,,2001_Jan_01_0213,60.2801804825,untitled,1,sub-08,
23,,,,,,,,,,,,,,,,,,,,,,,,,1.0,,,,,,,,,,,,,,,,,,2001_Jan_01_0213,60.2801804825,untitled,1,sub-08,
24,,,,,,,,,,,,,,,,,,,,,,,,,,2.0,,,,,,,,,,,,,,,,,2001_Jan_01_0213,60.2801804825,untitled,1,sub-08,
25,,,,,,,,,,,,,,,,,,,,,,,,,,,5.0,,,,,,,,,,,,,,,,2001_Jan_01_0213,60.2801804825,untitled,1,sub-08,
26,,,,,,,,,,,,,,,,,,,,,,,,,,,,1.0,,,,,,,,,,,,,,,2001_Jan_01_0213,60.2801804825,untitled,1,sub-08,
27,,,,,,,,,,,,,,,,,,,,,,,,,,,,,1.0,,,,,,,,,,,,,,2001_Jan_01_0213,60.2801804825,untitled,1,sub-08,
28,,,,,,,,,,,,,,,,,,,,,,,,,,,,,,5.0,,,,,,,,,,,,,2001_Jan_01_0213,60.2801804825,untitled,1,sub-08,
29,,,,,,,,,,,,,,,,,,,,,,,,,,,,,,,3.0,,,,,,,,,,,,2001_Jan_01_0213,60.2801804825,untitled,1,sub-08,
30,,,,,,,,,,,,,,,,,,,,,,,,,,,,,,,,4.0,,,,,,,,,,,2001_Jan_01_0213,60.2801804825,untitled,1,sub-08,
31,,,,,,,,,,,,,,,,,,,,,,,,,,,,,,,,,5.0,,,,,,,,,,2001_Jan_01_0213,60.2801804825,untitled,1,sub-08,
32,,,,,,,,,,,,,,,,,,,,,,,,,,,,,,,,,,5.0,,,,,,,,,2001_Jan_01_0213,60.2801804825,untitled,1,sub-08,
33,,,,,,,,,,,,,,,,,,,,,,,,,,,,,,,,,,,4.0,,,,,,,,2001_Jan_01_0213,60.2801804825,untitled,1,sub-08,
34,,,,,,,,,,,,,,,,,,,,,,,,,,,,,,,,,,,,beides,,,,,,,2001_Jan_01_0213,60.2801804825,untitled,1,sub-08,
35,,,,,,,,,,,,,,,,,,,,,,,,,,,,,,,,,,,,,beides,,,,,,2001_Jan_01_0213,60.2801804825,untitled,1,sub-08,
36,,,,,,,,,,,,,,,,,,,,,,,,,,,,,,,,,,,,,,5.0,,,,,2001_Jan_01_0213,60.2801804825,untitled,1,sub-08,
37,,,,,,,,,,,,,,,,,,,,,,,,,,,,,,,,,,,,,,,right,20.6252669096,,,2001_Jan_01_0213,60.2801804825,untitled,1,sub-08,
38,,,,,,,,,,,,,,,,,,,,,,,,,,,,,,,,,,,,,,,,,3.0,,2001_Jan_01_0213,60.2801804825,untitled,1,sub-08,
39,,,,,,,,,,,,,,,,,,,,,,,,,,,,,,,,,,,,,,,,,,3.0,2001_Jan_01_0213,60.2801804825,untitled,1,sub-08,
0,"Haken, Progressive Rock",,,,,,,,,,,,,,,,,,,,,,,,,,,,,,,,,,,,,,,,,,2018_Jun_17_1744,,untitled,1,sub-07,
1,,2 Stunden,,,,,,,,,,,,,,,,,,,,,,,,,,,,,,,,,,,,,,,,,2018_Jun_17_1744,,untitled,1,sub-07,
2,,,"Klavier (18 Jahre), Querfloete (14 Jahre)",,,,,,,,,,,,,,,,,,,,,,,,,,,,,,,,,,,,,,,,2018_Jun_17_1744,,untitled,1,sub-07,
3,,,,Chor (3 Jahre),,,,,,,,,,,,,,,,,,,,,,,,,,,,,,,,,,,,,,,2018_Jun_17_1744,,untitled,1,sub-07,
4,,,,,right,14.796613931700001,,,,,,,,,,,,,,,,,,,,,,,,,,,,,,,,,,,,,2018_Jun_17_1744,60.0499664266,untitled,1,sub-07,
5,,,,,,,2.0,,,,,,,,,,,,,,,,,,,,,,,,,,,,,,,,,,,,2018_Jun_17_1744,60.0499664266,untitled,1,sub-07,
6,,,,,,,,5.0,,,,,,,,,,,,,,,,,,,,,,,,,,,,,,,,,,,2018_Jun_17_1744,60.0499664266,untitled,1,sub-07,
7,,,,,,,,,2.0,,,,,,,,,,,,,,,,,,,,,,,,,,,,,,,,,,2018_Jun_17_1744,60.0499664266,untitled,1,sub-07,
8,,,,,,,,,,3.0,,,,,,,,,,,,,,,,,,,,,,,,,,,,,,,,,2018_Jun_17_1744,60.0499664266,untitled,1,sub-07,
9,,,,,,,,,,,4.0,,,,,,,,,,,,,,,,,,,,,,,,,,,,,,,,2018_Jun_17_1744,60.0499664266,untitled,1,sub-07,
10,,,,,,,,,,,,3.0,,,,,,,,,,,,,,,,,,,,,,,,,,,,,,,2018_Jun_17_1744,60.0499664266,untitled,1,sub-07,
11,,,,,,,,,,,,,1.0,,,,,,,,,,,,,,,,,,,,,,,,,,,,,,2018_Jun_17_1744,60.0499664266,untitled,1,sub-07,
12,,,,,,,,,,,,,,1.0,,,,,,,,,,,,,,,,,,,,,,,,,,,,,2018_Jun_17_1744,60.0499664266,untitled,1,sub-07,
13,,,,,,,,,,,,,,,2.0,,,,,,,,,,,,,,,,,,,,,,,,,,,,2018_Jun_17_1744,60.0499664266,untitled,1,sub-07,
14,,,,,,,,,,,,,,,,5.0,,,,,,,,,,,,,,,,,,,,,,,,,,,2018_Jun_17_1744,60.0499664266,untitled,1,sub-07,
15,,,,,,,,,,,,,,,,,4.0,,,,,,,,,,,,,,,,,,,,,,,,,,2018_Jun_17_1744,60.0499664266,untitled,1,sub-07,
16,,,,,,,,,,,,,,,,,,3.0,,,,,,,,,,,,,,,,,,,,,,,,,2018_Jun_17_1744,60.0499664266,untitled,1,sub-07,
17,,,,,,,,,,,,,,,,,,,4.0,,,,,,,,,,,,,,,,,,,,,,,,2018_Jun_17_1744,60.0499664266,untitled,1,sub-07,
18,,,,,,,,,,,,,,,,,,,,2.0,,,,,,,,,,,,,,,,,,,,,,,2018_Jun_17_1744,60.0499664266,untitled,1,sub-07,
19,,,,,,,,,,,,,,,,,,,,,2.0,,,,,,,,,,,,,,,,,,,,,,2018_Jun_17_1744,60.0499664266,untitled,1,sub-07,
20,,,,,,,,,,,,,,,,,,,,,,5.0,,,,,,,,,,,,,,,,,,,,,2018_Jun_17_1744,60.0499664266,untitled,1,sub-07,
21,,,,,,,,,,,,,,,,,,,,,,,2.0,,,,,,,,,,,,,,,,,,,,2018_Jun_17_1744,60.0499664266,untitled,1,sub-07,
22,,,,,,,,,,,,,,,,,,,,,,,,2.0,,,,,,,,,,,,,,,,,,,2018_Jun_17_1744,60.0499664266,untitled,1,sub-07,
23,,,,,,,,,,,,,,,,,,,,,,,,,2.0,,,,,,,,,,,,,,,,,,2018_Jun_17_1744,60.0499664266,untitled,1,sub-07,
24,,,,,,,,,,,,,,,,,,,,,,,,,,2.0,,,,,,,,,,,,,,,,,2018_Jun_17_1744,60.0499664266,untitled,1,sub-07,
25,,,,,,,,,,,,,,,,,,,,,,,,,,,5.0,,,,,,,,,,,,,,,,2018_Jun_17_1744,60.0499664266,untitled,1,sub-07,
26,,,,,,,,,,,,,,,,,,,,,,,,,,,,1.0,,,,,,,,,,,,,,,2018_Jun_17_1744,60.0499664266,untitled,1,sub-07,
27,,,,,,,,,,,,,,,,,,,,,,,,,,,,,1.0,,,,,,,,,,,,,,2018_Jun_17_1744,60.0499664266,untitled,1,sub-07,
28,,,,,,,,,,,,,,,,,,,,,,,,,,,,,,3.0,,,,,,,,,,,,,2018_Jun_17_1744,60.0499664266,untitled,1,sub-07,
29,,,,,,,,,,,,,,,,,,,,,,,,,,,,,,,4.0,,,,,,,,,,,,2018_Jun_17_1744,60.0499664266,untitled,1,sub-07,
30,,,,,,,,,,,,,,,,,,,,,,,,,,,,,,,,3.0,,,,,,,,,,,2018_Jun_17_1744,60.0499664266,untitled,1,sub-07,
31,,,,,,,,,,,,,,,,,,,,,,,,,,,,,,,,,3.0,,,,,,,,,,2018_Jun_17_1744,60.0499664266,untitled,1,sub-07,
32,,,,,,,,,,,,,,,,,,,,,,,,,,,,,,,,,,4.0,,,,,,,,,2018_Jun_17_1744,60.0499664266,untitled,1,sub-07,
33,,,,,,,,,,,,,,,,,,,,,,,,,,,,,,,,,,,3.0,,,,,,,,2018_Jun_17_1744,60.0499664266,untitled,1,sub-07,
34,,,,,,,,,,,,,,,,,,,,,,,,,,,,,,,,,,,,ich spiele ein Instrument,,,,,,,2018_Jun_17_1744,60.0499664266,untitled,1,sub-07,
35,,,,,,,,,,,,,,,,,,,,,,,,,,,,,,,,,,,,,beides,,,,,,2018_Jun_17_1744,60.0499664266,untitled,1,sub-07,
36,,,,,,,,,,,,,,,,,,,,,,,,,,,,,,,,,,,,,,5.0,,,,,2018_Jun_17_1744,60.0499664266,untitled,1,sub-07,
37,,,,,,,,,,,,,,,,,,,,,,,,,,,,,,,,,,,,,,,right,30.041998863200003,,,2018_Jun_17_1744,60.0499664266,untitled,1,sub-07,
38,,,,,,,,,,,,,,,,,,,,,,,,,,,,,,,,,,,,,,,,,4.0,,2018_Jun_17_1744,60.0499664266,untitled,1,sub-07,
39,,,,,,,,,,,,,,,,,,,,,,,,,,,,,,,,,,,,,,,,,,3.0,2018_Jun_17_1744,60.0499664266,untitled,1,sub-07,
0,"Deep Purple, Hardrock",,,,,,,,,,,,,,,,,,,,,,,,,,,,,,,,,,,,,,,,,,2018_Jun_08_1810,,untitled,1,sub-01,
1,,1 Stunde,,,,,,,,,,,,,,,,,,,,,,,,,,,,,,,,,,,,,,,,,2018_Jun_08_1810,,untitled,1,sub-01,
2,,,-,,,,,,,,,,,,,,,,,,,,,,,,,,,,,,,,,,,,,,,,2018_Jun_08_1810,,untitled,1,sub-01,
3,,,,-,,,,,,,,,,,,,,,,,,,,,,,,,,,,,,,,,,,,,,,2018_Jun_08_1810,,untitled,1,sub-01,
4,,,,,right,14.9080710411,,,,,,,,,,,,,,,,,,,,,,,,,,,,,,,,,,,,,2018_Jun_08_1810,60.0222097563,untitled,1,sub-01,
5,,,,,,,2.0,,,,,,,,,,,,,,,,,,,,,,,,,,,,,,,,,,,,2018_Jun_08_1810,60.0222097563,untitled,1,sub-01,
6,,,,,,,,5.0,,,,,,,,,,,,,,,,,,,,,,,,,,,,,,,,,,,2018_Jun_08_1810,60.0222097563,untitled,1,sub-01,
7,,,,,,,,,2.0,,,,,,,,,,,,,,,,,,,,,,,,,,,,,,,,,,2018_Jun_08_1810,60.0222097563,untitled,1,sub-01,
8,,,,,,,,,,1.0,,,,,,,,,,,,,,,,,,,,,,,,,,,,,,,,,2018_Jun_08_1810,60.0222097563,untitled,1,sub-01,
9,,,,,,,,,,,1.0,,,,,,,,,,,,,,,,,,,,,,,,,,,,,,,,2018_Jun_08_1810,60.0222097563,untitled,1,sub-01,
10,,,,,,,,,,,,5.0,,,,,,,,,,,,,,,,,,,,,,,,,,,,,,,2018_Jun_08_1810,60.0222097563,untitled,1,sub-01,
11,,,,,,,,,,,,,2.0,,,,,,,,,,,,,,,,,,,,,,,,,,,,,,2018_Jun_08_1810,60.0222097563,untitled,1,sub-01,
12,,,,,,,,,,,,,,1.0,,,,,,,,,,,,,,,,,,,,,,,,,,,,,2018_Jun_08_1810,60.0222097563,untitled,1,sub-01,
13,,,,,,,,,,,,,,,1.0,,,,,,,,,,,,,,,,,,,,,,,,,,,,2018_Jun_08_1810,60.0222097563,untitled,1,sub-01,
14,,,,,,,,,,,,,,,,2.0,,,,,,,,,,,,,,,,,,,,,,,,,,,2018_Jun_08_1810,60.0222097563,untitled,1,sub-01,
15,,,,,,,,,,,,,,,,,2.0,,,,,,,,,,,,,,,,,,,,,,,,,,2018_Jun_08_1810,60.0222097563,untitled,1,sub-01,
16,,,,,,,,,,,,,,,,,,3.0,,,,,,,,,,,,,,,,,,,,,,,,,2018_Jun_08_1810,60.0222097563,untitled,1,sub-01,
17,,,,,,,,,,,,,,,,,,,2.0,,,,,,,,,,,,,,,,,,,,,,,,2018_Jun_08_1810,60.0222097563,untitled,1,sub-01,
18,,,,,,,,,,,,,,,,,,,,5.0,,,,,,,,,,,,,,,,,,,,,,,2018_Jun_08_1810,60.0222097563,untitled,1,sub-01,
19,,,,,,,,,,,,,,,,,,,,,3.0,,,,,,,,,,,,,,,,,,,,,,2018_Jun_08_1810,60.0222097563,untitled,1,sub-01,
20,,,,,,,,,,,,,,,,,,,,,,5.0,,,,,,,,,,,,,,,,,,,,,2018_Jun_08_1810,60.0222097563,untitled,1,sub-01,
21,,,,,,,,,,,,,,,,,,,,,,,4.0,,,,,,,,,,,,,,,,,,,,2018_Jun_08_1810,60.0222097563,untitled,1,sub-01,
22,,,,,,,,,,,,,,,,,,,,,,,,4.0,,,,,,,,,,,,,,,,,,,2018_Jun_08_1810,60.0222097563,untitled,1,sub-01,
23,,,,,,,,,,,,,,,,,,,,,,,,,4.0,,,,,,,,,,,,,,,,,,2018_Jun_08_1810,60.0222097563,untitled,1,sub-01,
24,,,,,,,,,,,,,,,,,,,,,,,,,,4.0,,,,,,,,,,,,,,,,,2018_Jun_08_1810,60.0222097563,untitled,1,sub-01,
25,,,,,,,,,,,,,,,,,,,,,,,,,,,4.0,,,,,,,,,,,,,,,,2018_Jun_08_1810,60.0222097563,untitled,1,sub-01,
26,,,,,,,,,,,,,,,,,,,,,,,,,,,,1.0,,,,,,,,,,,,,,,2018_Jun_08_1810,60.0222097563,untitled,1,sub-01,
27,,,,,,,,,,,,,,,,,,,,,,,,,,,,,1.0,,,,,,,,,,,,,,2018_Jun_08_1810,60.0222097563,untitled,1,sub-01,
28,,,,,,,,,,,,,,,,,,,,,,,,,,,,,,1.0,,,,,,,,,,,,,2018_Jun_08_1810,60.0222097563,untitled,1,sub-01,
29,,,,,,,,,,,,,,,,,,,,,,,,,,,,,,,2.0,,,,,,,,,,,,2018_Jun_08_1810,60.0222097563,untitled,1,sub-01,
30,,,,,,,,,,,,,,,,,,,,,,,,,,,,,,,,5.0,,,,,,,,,,,2018_Jun_08_1810,60.0222097563,untitled,1,sub-01,
31,,,,,,,,,,,,,,,,,,,,,,,,,,,,,,,,,1.0,,,,,,,,,,2018_Jun_08_1810,60.0222097563,untitled,1,sub-01,
32,,,,,,,,,,,,,,,,,,,,,,,,,,,,,,,,,,4.0,,,,,,,,,2018_Jun_08_1810,60.0222097563,untitled,1,sub-01,
33,,,,,,,,,,,,,,,,,,,,,,,,,,,,,,,,,,,4.0,,,,,,,,2018_Jun_08_1810,60.0222097563,untitled,1,sub-01,
34,,,,,,,,,,,,,,,,,,,,,,,,,,,,,,,,,,,,nein,,,,,,,2018_Jun_08_1810,60.0222097563,untitled,1,sub-01,
35,,,,,,,,,,,,,,,,,,,,,,,,,,,,,,,,,,,,,nein,,,,,,2018_Jun_08_1810,60.0222097563,untitled,1,sub-01,
36,,,,,,,,,,,,,,,,,,,,,,,,,,,,,,,,,,,,,,4.0,,,,,2018_Jun_08_1810,60.0222097563,untitled,1,sub-01,
37,,,,,,,,,,,,,,,,,,,,,,,,,,,,,,,,,,,,,,,space,11.880622863800001,,,2018_Jun_08_1810,60.0222097563,untitled,1,sub-01,
38,,,,,,,,,,,,,,,,,,,,,,,,,,,,,,,,,,,,,,,,,2.0,,2018_Jun_08_1810,60.0222097563,untitled,1,sub-01,
39,,,,,,,,,,,,,,,,,,,,,,,,,,,,,,,,,,,,,,,,,,3.0,2018_Jun_08_1810,60.0222097563,untitled,1,sub-01,
0,"Filmmusik von Hans Zimmer (Interstellar, Inception)",,,,,,,,,,,,,,,,,,,,,,,,,,,,,,,,,,,,,,,,,,2018_Jun_17_1304,,untitled,1,sub-05,
1,,4 h,,,,,,,,,,,,,,,,,,,,,,,,,,,,,,,,,,,,,,,,,2018_Jun_17_1304,,untitled,1,sub-05,
2,,,momentan spiele ich selbst nichts,,,,,,,,,,,,,,,,,,,,,,,,,,,,,,,,,,,,,,,,2018_Jun_17_1304,,untitled,1,sub-05,
3,,,,habe 9 Jahre Klavier und 3 Jahre Cello gespielt,,,,,,,,,,,,,,,,,,,,,,,,,,,,,,,,,,,,,,,2018_Jun_17_1304,,untitled,1,sub-05,
4,,,,,right,11.6769459248,,,,,,,,,,,,,,,,,,,,,,,,,,,,,,,,,,,,,2018_Jun_17_1304,60.218776157200004,untitled,1,sub-05,
5,,,,,,,4.0,,,,,,,,,,,,,,,,,,,,,,,,,,,,,,,,,,,,2018_Jun_17_1304,60.218776157200004,untitled,1,sub-05,
6,,,,,,,,3.0,,,,,,,,,,,,,,,,,,,,,,,,,,,,,,,,,,,2018_Jun_17_1304,60.218776157200004,untitled,1,sub-05,
7,,,,,,,,,4.0,,,,,,,,,,,,,,,,,,,,,,,,,,,,,,,,,,2018_Jun_17_1304,60.218776157200004,untitled,1,sub-05,
8,,,,,,,,,,2.0,,,,,,,,,,,,,,,,,,,,,,,,,,,,,,,,,2018_Jun_17_1304,60.218776157200004,untitled,1,sub-05,
9,,,,,,,,,,,3.0,,,,,,,,,,,,,,,,,,,,,,,,,,,,,,,,2018_Jun_17_1304,60.218776157200004,untitled,1,sub-05,
10,,,,,,,,,,,,1.0,,,,,,,,,,,,,,,,,,,,,,,,,,,,,,,2018_Jun_17_1304,60.218776157200004,untitled,1,sub-05,
11,,,,,,,,,,,,,4.0,,,,,,,,,,,,,,,,,,,,,,,,,,,,,,2018_Jun_17_1304,60.218776157200004,untitled,1,sub-05,
12,,,,,,,,,,,,,,4.0,,,,,,,,,,,,,,,,,,,,,,,,,,,,,2018_Jun_17_1304,60.218776157200004,untitled,1,sub-05,
13,,,,,,,,,,,,,,,1.0,,,,,,,,,,,,,,,,,,,,,,,,,,,,2018_Jun_17_1304,60.218776157200004,untitled,1,sub-05,
14,,,,,,,,,,,,,,,,3.0,,,,,,,,,,,,,,,,,,,,,,,,,,,2018_Jun_17_1304,60.218776157200004,untitled,1,sub-05,
15,,,,,,,,,,,,,,,,,3.0,,,,,,,,,,,,,,,,,,,,,,,,,,2018_Jun_17_1304,60.218776157200004,untitled,1,sub-05,
16,,,,,,,,,,,,,,,,,,4.0,,,,,,,,,,,,,,,,,,,,,,,,,2018_Jun_17_1304,60.218776157200004,untitled,1,sub-05,
17,,,,,,,,,,,,,,,,,,,5.0,,,,,,,,,,,,,,,,,,,,,,,,2018_Jun_17_1304,60.218776157200004,untitled,1,sub-05,
18,,,,,,,,,,,,,,,,,,,,4.0,,,,,,,,,,,,,,,,,,,,,,,2018_Jun_17_1304,60.218776157200004,untitled,1,sub-05,
19,,,,,,,,,,,,,,,,,,,,,3.0,,,,,,,,,,,,,,,,,,,,,,2018_Jun_17_1304,60.218776157200004,untitled,1,sub-05,
20,,,,,,,,,,,,,,,,,,,,,,5.0,,,,,,,,,,,,,,,,,,,,,2018_Jun_17_1304,60.218776157200004,untitled,1,sub-05,
21,,,,,,,,,,,,,,,,,,,,,,,5.0,,,,,,,,,,,,,,,,,,,,2018_Jun_17_1304,60.218776157200004,untitled,1,sub-05,
22,,,,,,,,,,,,,,,,,,,,,,,,5.0,,,,,,,,,,,,,,,,,,,2018_Jun_17_1304,60.218776157200004,untitled,1,sub-05,
23,,,,,,,,,,,,,,,,,,,,,,,,,5.0,,,,,,,,,,,,,,,,,,2018_Jun_17_1304,60.218776157200004,untitled,1,sub-05,
24,,,,,,,,,,,,,,,,,,,,,,,,,,3.0,,,,,,,,,,,,,,,,,2018_Jun_17_1304,60.218776157200004,untitled,1,sub-05,
25,,,,,,,,,,,,,,,,,,,,,,,,,,,2.0,,,,,,,,,,,,,,,,2018_Jun_17_1304,60.218776157200004,untitled,1,sub-05,
26,,,,,,,,,,,,,,,,,,,,,,,,,,,,2.0,,,,,,,,,,,,,,,2018_Jun_17_1304,60.218776157200004,untitled,1,sub-05,
27,,,,,,,,,,,,,,,,,,,,,,,,,,,,,1.0,,,,,,,,,,,,,,2018_Jun_17_1304,60.218776157200004,untitled,1,sub-05,
28,,,,,,,,,,,,,,,,,,,,,,,,,,,,,,1.0,,,,,,,,,,,,,2018_Jun_17_1304,60.218776157200004,untitled,1,sub-05,
29,,,,,,,,,,,,,,,,,,,,,,,,,,,,,,,1.0,,,,,,,,,,,,2018_Jun_17_1304,60.218776157200004,untitled,1,sub-05,
30,,,,,,,,,,,,,,,,,,,,,,,,,,,,,,,,5.0,,,,,,,,,,,2018_Jun_17_1304,60.218776157200004,untitled,1,sub-05,
31,,,,,,,,,,,,,,,,,,,,,,,,,,,,,,,,,1.0,,,,,,,,,,2018_Jun_17_1304,60.218776157200004,untitled,1,sub-05,
32,,,,,,,,,,,,,,,,,,,,,,,,,,,,,,,,,,5.0,,,,,,,,,2018_Jun_17_1304,60.218776157200004,untitled,1,sub-05,
33,,,,,,,,,,,,,,,,,,,,,,,,,,,,,,,,,,,3.0,,,,,,,,2018_Jun_17_1304,60.218776157200004,untitled,1,sub-05,
34,,,,,,,,,,,,,,,,,,,,,,,,,,,,,,,,,,,,nein,,,,,,,2018_Jun_17_1304,60.218776157200004,untitled,1,sub-05,
35,,,,,,,,,,,,,,,,,,,,,,,,,,,,,,,,,,,,,ich spielte ein Instrument,,,,,,2018_Jun_17_1304,60.218776157200004,untitled,1,sub-05,
36,,,,,,,,,,,,,,,,,,,,,,,,,,,,,,,,,,,,,,4.0,,,,,2018_Jun_17_1304,60.218776157200004,untitled,1,sub-05,
37,,,,,,,,,,,,,,,,,,,,,,,,,,,,,,,,,,,,,,,right,13.352189064000001,,,2018_Jun_17_1304,60.218776157200004,untitled,1,sub-05,
38,,,,,,,,,,,,,,,,,,,,,,,,,,,,,,,,,,,,,,,,,3.0,,2018_Jun_17_1304,60.218776157200004,untitled,1,sub-05,
39,,,,,,,,,,,,,,,,,,,,,,,,,,,,,,,,,,,,,,,,,,4.0,2018_Jun_17_1304,60.218776157200004,untitled,1,sub-05,
0,"Dendemann, Classified, Samy Deluxe - Hip Hop ",,,,,,,,,,,,,,,,,,,,,,,,,,,,,,,,,,,,,,,,,,2018_Jun_24_1900,,untitled,1,sub-14,
1,,5 Stunden ,,,,,,,,,,,,,,,,,,,,,,,,,,,,,,,,,,,,,,,,,2018_Jun_24_1900,,untitled,1,sub-14,
2,,,Nein ,,,,,,,,,,,,,,,,,,,,,,,,,,,,,,,,,,,,,,,,2018_Jun_24_1900,,untitled,1,sub-14,
3,,,,"Klavier, 3 Jahre",,,,,,,,,,,,,,,,,,,,,,,,,,,,,,,,,,,,,,,2018_Jun_24_1900,,untitled,1,sub-14,
4,,,,,right,19.6309511662,,,,,,,,,,,,,,,,,,,,,,,,,,,,,,,,,,,,,2018_Jun_24_1900,60.196046350799996,untitled,1,sub-14,
5,,,,,,,3.0,,,,,,,,,,,,,,,,,,,,,,,,,,,,,,,,,,,,2018_Jun_24_1900,60.196046350799996,untitled,1,sub-14,
6,,,,,,,,3.0,,,,,,,,,,,,,,,,,,,,,,,,,,,,,,,,,,,2018_Jun_24_1900,60.196046350799996,untitled,1,sub-14,
7,,,,,,,,,5.0,,,,,,,,,,,,,,,,,,,,,,,,,,,,,,,,,,2018_Jun_24_1900,60.196046350799996,untitled,1,sub-14,
8,,,,,,,,,,2.0,,,,,,,,,,,,,,,,,,,,,,,,,,,,,,,,,2018_Jun_24_1900,60.196046350799996,untitled,1,sub-14,
9,,,,,,,,,,,4.0,,,,,,,,,,,,,,,,,,,,,,,,,,,,,,,,2018_Jun_24_1900,60.196046350799996,untitled,1,sub-14,
10,,,,,,,,,,,,1.0,,,,,,,,,,,,,,,,,,,,,,,,,,,,,,,2018_Jun_24_1900,60.196046350799996,untitled,1,sub-14,
11,,,,,,,,,,,,,2.0,,,,,,,,,,,,,,,,,,,,,,,,,,,,,,2018_Jun_24_1900,60.196046350799996,untitled,1,sub-14,
12,,,,,,,,,,,,,,2.0,,,,,,,,,,,,,,,,,,,,,,,,,,,,,2018_Jun_24_1900,60.196046350799996,untitled,1,sub-14,
13,,,,,,,,,,,,,,,3.0,,,,,,,,,,,,,,,,,,,,,,,,,,,,2018_Jun_24_1900,60.196046350799996,untitled,1,sub-14,
14,,,,,,,,,,,,,,,,1.0,,,,,,,,,,,,,,,,,,,,,,,,,,,2018_Jun_24_1900,60.196046350799996,untitled,1,sub-14,
15,,,,,,,,,,,,,,,,,3.0,,,,,,,,,,,,,,,,,,,,,,,,,,2018_Jun_24_1900,60.196046350799996,untitled,1,sub-14,
16,,,,,,,,,,,,,,,,,,4.0,,,,,,,,,,,,,,,,,,,,,,,,,2018_Jun_24_1900,60.196046350799996,untitled,1,sub-14,
17,,,,,,,,,,,,,,,,,,,5.0,,,,,,,,,,,,,,,,,,,,,,,,2018_Jun_24_1900,60.196046350799996,untitled,1,sub-14,
18,,,,,,,,,,,,,,,,,,,,5.0,,,,,,,,,,,,,,,,,,,,,,,2018_Jun_24_1900,60.196046350799996,untitled,1,sub-14,
19,,,,,,,,,,,,,,,,,,,,,3.0,,,,,,,,,,,,,,,,,,,,,,2018_Jun_24_1900,60.196046350799996,untitled,1,sub-14,
20,,,,,,,,,,,,,,,,,,,,,,5.0,,,,,,,,,,,,,,,,,,,,,2018_Jun_24_1900,60.196046350799996,untitled,1,sub-14,
21,,,,,,,,,,,,,,,,,,,,,,,4.0,,,,,,,,,,,,,,,,,,,,2018_Jun_24_1900,60.196046350799996,untitled,1,sub-14,
22,,,,,,,,,,,,,,,,,,,,,,,,5.0,,,,,,,,,,,,,,,,,,,2018_Jun_24_1900,60.196046350799996,untitled,1,sub-14,
23,,,,,,,,,,,,,,,,,,,,,,,,,3.0,,,,,,,,,,,,,,,,,,2018_Jun_24_1900,60.196046350799996,untitled,1,sub-14,
24,,,,,,,,,,,,,,,,,,,,,,,,,,3.0,,,,,,,,,,,,,,,,,2018_Jun_24_1900,60.196046350799996,untitled,1,sub-14,
25,,,,,,,,,,,,,,,,,,,,,,,,,,,2.0,,,,,,,,,,,,,,,,2018_Jun_24_1900,60.196046350799996,untitled,1,sub-14,
26,,,,,,,,,,,,,,,,,,,,,,,,,,,,1.0,,,,,,,,,,,,,,,2018_Jun_24_1900,60.196046350799996,untitled,1,sub-14,
27,,,,,,,,,,,,,,,,,,,,,,,,,,,,,1.0,,,,,,,,,,,,,,2018_Jun_24_1900,60.196046350799996,untitled,1,sub-14,
28,,,,,,,,,,,,,,,,,,,,,,,,,,,,,,3.0,,,,,,,,,,,,,2018_Jun_24_1900,60.196046350799996,untitled,1,sub-14,
29,,,,,,,,,,,,,,,,,,,,,,,,,,,,,,,1.0,,,,,,,,,,,,2018_Jun_24_1900,60.196046350799996,untitled,1,sub-14,
30,,,,,,,,,,,,,,,,,,,,,,,,,,,,,,,,5.0,,,,,,,,,,,2018_Jun_24_1900,60.196046350799996,untitled,1,sub-14,
31,,,,,,,,,,,,,,,,,,,,,,,,,,,,,,,,,1.0,,,,,,,,,,2018_Jun_24_1900,60.196046350799996,untitled,1,sub-14,
32,,,,,,,,,,,,,,,,,,,,,,,,,,,,,,,,,,5.0,,,,,,,,,2018_Jun_24_1900,60.196046350799996,untitled,1,sub-14,
33,,,,,,,,,,,,,,,,,,,,,,,,,,,,,,,,,,,4.0,,,,,,,,2018_Jun_24_1900,60.196046350799996,untitled,1,sub-14,
34,,,,,,,,,,,,,,,,,,,,,,,,,,,,,,,,,,,,nein,,,,,,,2018_Jun_24_1900,60.196046350799996,untitled,1,sub-14,
35,,,,,,,,,,,,,,,,,,,,,,,,,,,,,,,,,,,,,ich spielte ein Instrument,,,,,,2018_Jun_24_1900,60.196046350799996,untitled,1,sub-14,
36,,,,,,,,,,,,,,,,,,,,,,,,,,,,,,,,,,,,,,4.0,,,,,2018_Jun_24_1900,60.196046350799996,untitled,1,sub-14,
37,,,,,,,,,,,,,,,,,,,,,,,,,,,,,,,,,,,,,,,right,20.8245089054,,,2018_Jun_24_1900,60.196046350799996,untitled,1,sub-14,
38,,,,,,,,,,,,,,,,,,,,,,,,,,,,,,,,,,,,,,,,,3.0,,2018_Jun_24_1900,60.196046350799996,untitled,1,sub-14,
39,,,,,,,,,,,,,,,,,,,,,,,,,,,,,,,,,,,,,,,,,,4.0,2018_Jun_24_1900,60.196046350799996,untitled,1,sub-14,
0,"Foreigner, Rock",,,,,,,,,,,,,,,,,,,,,,,,,,,,,,,,,,,,,,,,,,2018_Jun_20_1944,,untitled,1,sub-09,
1,,1 Stunde,,,,,,,,,,,,,,,,,,,,,,,,,,,,,,,,,,,,,,,,,2018_Jun_20_1944,,untitled,1,sub-09,
2,,,"Klavier/Keyboard, ca. 17 Jahre",,,,,,,,,,,,,,,,,,,,,,,,,,,,,,,,,,,,,,,,2018_Jun_20_1944,,untitled,1,sub-09,
3,,,,"Band, ca. halbes Jahr",,,,,,,,,,,,,,,,,,,,,,,,,,,,,,,,,,,,,,,2018_Jun_20_1944,,untitled,1,sub-09,
4,,,,,right,17.239631176,,,,,,,,,,,,,,,,,,,,,,,,,,,,,,,,,,,,,2018_Jun_20_1944,60.2438593493,untitled,1,sub-09,
5,,,,,,,2.0,,,,,,,,,,,,,,,,,,,,,,,,,,,,,,,,,,,,2018_Jun_20_1944,60.2438593493,untitled,1,sub-09,
6,,,,,,,,4.0,,,,,,,,,,,,,,,,,,,,,,,,,,,,,,,,,,,2018_Jun_20_1944,60.2438593493,untitled,1,sub-09,
7,,,,,,,,,1.0,,,,,,,,,,,,,,,,,,,,,,,,,,,,,,,,,,2018_Jun_20_1944,60.2438593493,untitled,1,sub-09,
8,,,,,,,,,,2.0,,,,,,,,,,,,,,,,,,,,,,,,,,,,,,,,,2018_Jun_20_1944,60.2438593493,untitled,1,sub-09,
9,,,,,,,,,,,4.0,,,,,,,,,,,,,,,,,,,,,,,,,,,,,,,,2018_Jun_20_1944,60.2438593493,untitled,1,sub-09,
10,,,,,,,,,,,,3.0,,,,,,,,,,,,,,,,,,,,,,,,,,,,,,,2018_Jun_20_1944,60.2438593493,untitled,1,sub-09,
11,,,,,,,,,,,,,2.0,,,,,,,,,,,,,,,,,,,,,,,,,,,,,,2018_Jun_20_1944,60.2438593493,untitled,1,sub-09,
12,,,,,,,,,,,,,,3.0,,,,,,,,,,,,,,,,,,,,,,,,,,,,,2018_Jun_20_1944,60.2438593493,untitled,1,sub-09,
13,,,,,,,,,,,,,,,2.0,,,,,,,,,,,,,,,,,,,,,,,,,,,,2018_Jun_20_1944,60.2438593493,untitled,1,sub-09,
14,,,,,,,,,,,,,,,,5.0,,,,,,,,,,,,,,,,,,,,,,,,,,,2018_Jun_20_1944,60.2438593493,untitled,1,sub-09,
15,,,,,,,,,,,,,,,,,3.0,,,,,,,,,,,,,,,,,,,,,,,,,,2018_Jun_20_1944,60.2438593493,untitled,1,sub-09,
16,,,,,,,,,,,,,,,,,,4.0,,,,,,,,,,,,,,,,,,,,,,,,,2018_Jun_20_1944,60.2438593493,untitled,1,sub-09,
17,,,,,,,,,,,,,,,,,,,2.0,,,,,,,,,,,,,,,,,,,,,,,,2018_Jun_20_1944,60.2438593493,untitled,1,sub-09,
18,,,,,,,,,,,,,,,,,,,,3.0,,,,,,,,,,,,,,,,,,,,,,,2018_Jun_20_1944,60.2438593493,untitled,1,sub-09,
19,,,,,,,,,,,,,,,,,,,,,2.0,,,,,,,,,,,,,,,,,,,,,,2018_Jun_20_1944,60.2438593493,untitled,1,sub-09,
20,,,,,,,,,,,,,,,,,,,,,,4.0,,,,,,,,,,,,,,,,,,,,,2018_Jun_20_1944,60.2438593493,untitled,1,sub-09,
21,,,,,,,,,,,,,,,,,,,,,,,3.0,,,,,,,,,,,,,,,,,,,,2018_Jun_20_1944,60.2438593493,untitled,1,sub-09,
22,,,,,,,,,,,,,,,,,,,,,,,,4.0,,,,,,,,,,,,,,,,,,,2018_Jun_20_1944,60.2438593493,untitled,1,sub-09,
23,,,,,,,,,,,,,,,,,,,,,,,,,3.0,,,,,,,,,,,,,,,,,,2018_Jun_20_1944,60.2438593493,untitled,1,sub-09,
24,,,,,,,,,,,,,,,,,,,,,,,,,,3.0,,,,,,,,,,,,,,,,,2018_Jun_20_1944,60.2438593493,untitled,1,sub-09,
25,,,,,,,,,,,,,,,,,,,,,,,,,,,4.0,,,,,,,,,,,,,,,,2018_Jun_20_1944,60.2438593493,untitled,1,sub-09,
26,,,,,,,,,,,,,,,,,,,,,,,,,,,,1.0,,,,,,,,,,,,,,,2018_Jun_20_1944,60.2438593493,untitled,1,sub-09,
27,,,,,,,,,,,,,,,,,,,,,,,,,,,,,1.0,,,,,,,,,,,,,,2018_Jun_20_1944,60.2438593493,untitled,1,sub-09,
28,,,,,,,,,,,,,,,,,,,,,,,,,,,,,,4.0,,,,,,,,,,,,,2018_Jun_20_1944,60.2438593493,untitled,1,sub-09,
29,,,,,,,,,,,,,,,,,,,,,,,,,,,,,,,4.0,,,,,,,,,,,,2018_Jun_20_1944,60.2438593493,untitled,1,sub-09,
30,,,,,,,,,,,,,,,,,,,,,,,,,,,,,,,,3.0,,,,,,,,,,,2018_Jun_20_1944,60.2438593493,untitled,1,sub-09,
31,,,,,,,,,,,,,,,,,,,,,,,,,,,,,,,,,4.0,,,,,,,,,,2018_Jun_20_1944,60.2438593493,untitled,1,sub-09,
32,,,,,,,,,,,,,,,,,,,,,,,,,,,,,,,,,,4.0,,,,,,,,,2018_Jun_20_1944,60.2438593493,untitled,1,sub-09,
33,,,,,,,,,,,,,,,,,,,,,,,,,,,,,,,,,,,2.0,,,,,,,,2018_Jun_20_1944,60.2438593493,untitled,1,sub-09,
34,,,,,,,,,,,,,,,,,,,,,,,,,,,,,,,,,,,,ich spiele ein Instrument,,,,,,,2018_Jun_20_1944,60.2438593493,untitled,1,sub-09,
35,,,,,,,,,,,,,,,,,,,,,,,,,,,,,,,,,,,,,ich sang in einem Chor/Band,,,,,,2018_Jun_20_1944,60.2438593493,untitled,1,sub-09,
36,,,,,,,,,,,,,,,,,,,,,,,,,,,,,,,,,,,,,,5.0,,,,,2018_Jun_20_1944,60.2438593493,untitled,1,sub-09,
37,,,,,,,,,,,,,,,,,,,,,,,,,,,,,,,,,,,,,,,right,12.272922039000001,,,2018_Jun_20_1944,60.2438593493,untitled,1,sub-09,
38,,,,,,,,,,,,,,,,,,,,,,,,,,,,,,,,,,,,,,,,,3.0,,2018_Jun_20_1944,60.2438593493,untitled,1,sub-09,
39,,,,,,,,,,,,,,,,,,,,,,,,,,,,,,,,,,,,,,,,,,3.0,2018_Jun_20_1944,60.2438593493,untitled,1,sub-09,
0,Ed Sheeran (Pop) Gentleman (Ragee),,,,,,,,,,,,,,,,,,,,,,,,,,,,,,,,,,,,,,,,,,2018_Jun_27_1518,,untitled,1,sub-15,
1,,bis zu 1 - 2 Stunden,,,,,,,,,,,,,,,,,,,,,,,,,,,,,,,,,,,,,,,,,2018_Jun_27_1518,,untitled,1,sub-15,
2,,,Geige/Bratsche: seit 15 Jahren ,,,,,,,,,,,,,,,,,,,,,,,,,,,,,,,,,,,,,,,,2018_Jun_27_1518,,untitled,1,sub-15,
3,,,,Chor: 17 Jahren,,,,,,,,,,,,,,,,,,,,,,,,,,,,,,,,,,,,,,,2018_Jun_27_1518,,untitled,1,sub-15,
4,,,,,right,14.765434026700001,,,,,,,,,,,,,,,,,,,,,,,,,,,,,,,,,,,,,2018_Jun_27_1518,60.251474933699996,untitled,1,sub-15,
5,,,,,,,4.0,,,,,,,,,,,,,,,,,,,,,,,,,,,,,,,,,,,,2018_Jun_27_1518,60.251474933699996,untitled,1,sub-15,
6,,,,,,,,3.0,,,,,,,,,,,,,,,,,,,,,,,,,,,,,,,,,,,2018_Jun_27_1518,60.251474933699996,untitled,1,sub-15,
7,,,,,,,,,2.0,,,,,,,,,,,,,,,,,,,,,,,,,,,,,,,,,,2018_Jun_27_1518,60.251474933699996,untitled,1,sub-15,
8,,,,,,,,,,4.0,,,,,,,,,,,,,,,,,,,,,,,,,,,,,,,,,2018_Jun_27_1518,60.251474933699996,untitled,1,sub-15,
9,,,,,,,,,,,4.0,,,,,,,,,,,,,,,,,,,,,,,,,,,,,,,,2018_Jun_27_1518,60.251474933699996,untitled,1,sub-15,
10,,,,,,,,,,,,1.0,,,,,,,,,,,,,,,,,,,,,,,,,,,,,,,2018_Jun_27_1518,60.251474933699996,untitled,1,sub-15,
11,,,,,,,,,,,,,2.0,,,,,,,,,,,,,,,,,,,,,,,,,,,,,,2018_Jun_27_1518,60.251474933699996,untitled,1,sub-15,
12,,,,,,,,,,,,,,4.0,,,,,,,,,,,,,,,,,,,,,,,,,,,,,2018_Jun_27_1518,60.251474933699996,untitled,1,sub-15,
13,,,,,,,,,,,,,,,1.0,,,,,,,,,,,,,,,,,,,,,,,,,,,,2018_Jun_27_1518,60.251474933699996,untitled,1,sub-15,
14,,,,,,,,,,,,,,,,4.0,,,,,,,,,,,,,,,,,,,,,,,,,,,2018_Jun_27_1518,60.251474933699996,untitled,1,sub-15,
15,,,,,,,,,,,,,,,,,5.0,,,,,,,,,,,,,,,,,,,,,,,,,,2018_Jun_27_1518,60.251474933699996,untitled,1,sub-15,
16,,,,,,,,,,,,,,,,,,4.0,,,,,,,,,,,,,,,,,,,,,,,,,2018_Jun_27_1518,60.251474933699996,untitled,1,sub-15,
17,,,,,,,,,,,,,,,,,,,2.0,,,,,,,,,,,,,,,,,,,,,,,,2018_Jun_27_1518,60.251474933699996,untitled,1,sub-15,
18,,,,,,,,,,,,,,,,,,,,5.0,,,,,,,,,,,,,,,,,,,,,,,2018_Jun_27_1518,60.251474933699996,untitled,1,sub-15,
19,,,,,,,,,,,,,,,,,,,,,1.0,,,,,,,,,,,,,,,,,,,,,,2018_Jun_27_1518,60.251474933699996,untitled,1,sub-15,
20,,,,,,,,,,,,,,,,,,,,,,1.0,,,,,,,,,,,,,,,,,,,,,2018_Jun_27_1518,60.251474933699996,untitled,1,sub-15,
21,,,,,,,,,,,,,,,,,,,,,,,4.0,,,,,,,,,,,,,,,,,,,,2018_Jun_27_1518,60.251474933699996,untitled,1,sub-15,
22,,,,,,,,,,,,,,,,,,,,,,,,5.0,,,,,,,,,,,,,,,,,,,2018_Jun_27_1518,60.251474933699996,untitled,1,sub-15,
23,,,,,,,,,,,,,,,,,,,,,,,,,3.0,,,,,,,,,,,,,,,,,,2018_Jun_27_1518,60.251474933699996,untitled,1,sub-15,
24,,,,,,,,,,,,,,,,,,,,,,,,,,4.0,,,,,,,,,,,,,,,,,2018_Jun_27_1518,60.251474933699996,untitled,1,sub-15,
25,,,,,,,,,,,,,,,,,,,,,,,,,,,5.0,,,,,,,,,,,,,,,,2018_Jun_27_1518,60.251474933699996,untitled,1,sub-15,
26,,,,,,,,,,,,,,,,,,,,,,,,,,,,2.0,,,,,,,,,,,,,,,2018_Jun_27_1518,60.251474933699996,untitled,1,sub-15,
27,,,,,,,,,,,,,,,,,,,,,,,,,,,,,1.0,,,,,,,,,,,,,,2018_Jun_27_1518,60.251474933699996,untitled,1,sub-15,
28,,,,,,,,,,,,,,,,,,,,,,,,,,,,,,2.0,,,,,,,,,,,,,2018_Jun_27_1518,60.251474933699996,untitled,1,sub-15,
29,,,,,,,,,,,,,,,,,,,,,,,,,,,,,,,3.0,,,,,,,,,,,,2018_Jun_27_1518,60.251474933699996,untitled,1,sub-15,
30,,,,,,,,,,,,,,,,,,,,,,,,,,,,,,,,5.0,,,,,,,,,,,2018_Jun_27_1518,60.251474933699996,untitled,1,sub-15,
31,,,,,,,,,,,,,,,,,,,,,,,,,,,,,,,,,3.0,,,,,,,,,,2018_Jun_27_1518,60.251474933699996,untitled,1,sub-15,
32,,,,,,,,,,,,,,,,,,,,,,,,,,,,,,,,,,4.0,,,,,,,,,2018_Jun_27_1518,60.251474933699996,untitled,1,sub-15,
33,,,,,,,,,,,,,,,,,,,,,,,,,,,,,,,,,,,5.0,,,,,,,,2018_Jun_27_1518,60.251474933699996,untitled,1,sub-15,
34,,,,,,,,,,,,,,,,,,,,,,,,,,,,,,,,,,,,ich singe in einem Chor/Band,,,,,,,2018_Jun_27_1518,60.251474933699996,untitled,1,sub-15,
35,,,,,,,,,,,,,,,,,,,,,,,,,,,,,,,,,,,,,beides,,,,,,2018_Jun_27_1518,60.251474933699996,untitled,1,sub-15,
36,,,,,,,,,,,,,,,,,,,,,,,,,,,,,,,,,,,,,,5.0,,,,,2018_Jun_27_1518,60.251474933699996,untitled,1,sub-15,
37,,,,,,,,,,,,,,,,,,,,,,,,,,,,,,,,,,,,,,,space,24.6793859005,,,2018_Jun_27_1518,60.251474933699996,untitled,1,sub-15,
38,,,,,,,,,,,,,,,,,,,,,,,,,,,,,,,,,,,,,,,,,3.0,,2018_Jun_27_1518,60.251474933699996,untitled,1,sub-15,
39,,,,,,,,,,,,,,,,,,,,,,,,,,,,,,,,,,,,,,,,,,3.0,2018_Jun_27_1518,60.251474933699996,untitled,1,sub-15,
0,Tocotrinic (Hamburger Schule),,,,,,,,,,,,,,,,,,,,,,,,,,,,,,,,,,,,,,,,,,2018_Jun_12_1619,,untitled,1,sub-02,
1,,2-3h,,,,,,,,,,,,,,,,,,,,,,,,,,,,,,,,,,,,,,,,,2018_Jun_12_1619,,untitled,1,sub-02,
2,,,Gitarre (seit 9 Jahren),,,,,,,,,,,,,,,,,,,,,,,,,,,,,,,,,,,,,,,,2018_Jun_12_1619,,untitled,1,sub-02,
3,,,,Klavier (8 Jahre),,,,,,,,,,,,,,,,,,,,,,,,,,,,,,,,,,,,,,,2018_Jun_12_1619,,untitled,1,sub-02,
4,,,,,right,13.9685659409,,,,,,,,,,,,,,,,,,,,,,,,,,,,,,,,,,,,,2018_Jun_12_1619,60.2536388032,untitled,1,sub-02,
5,,,,,,,2.0,,,,,,,,,,,,,,,,,,,,,,,,,,,,,,,,,,,,2018_Jun_12_1619,60.2536388032,untitled,1,sub-02,
6,,,,,,,,5.0,,,,,,,,,,,,,,,,,,,,,,,,,,,,,,,,,,,2018_Jun_12_1619,60.2536388032,untitled,1,sub-02,
7,,,,,,,,,3.0,,,,,,,,,,,,,,,,,,,,,,,,,,,,,,,,,,2018_Jun_12_1619,60.2536388032,untitled,1,sub-02,
8,,,,,,,,,,1.0,,,,,,,,,,,,,,,,,,,,,,,,,,,,,,,,,2018_Jun_12_1619,60.2536388032,untitled,1,sub-02,
9,,,,,,,,,,,1.0,,,,,,,,,,,,,,,,,,,,,,,,,,,,,,,,2018_Jun_12_1619,60.2536388032,untitled,1,sub-02,
10,,,,,,,,,,,,4.0,,,,,,,,,,,,,,,,,,,,,,,,,,,,,,,2018_Jun_12_1619,60.2536388032,untitled,1,sub-02,
11,,,,,,,,,,,,,1.0,,,,,,,,,,,,,,,,,,,,,,,,,,,,,,2018_Jun_12_1619,60.2536388032,untitled,1,sub-02,
12,,,,,,,,,,,,,,2.0,,,,,,,,,,,,,,,,,,,,,,,,,,,,,2018_Jun_12_1619,60.2536388032,untitled,1,sub-02,
13,,,,,,,,,,,,,,,2.0,,,,,,,,,,,,,,,,,,,,,,,,,,,,2018_Jun_12_1619,60.2536388032,untitled,1,sub-02,
14,,,,,,,,,,,,,,,,3.0,,,,,,,,,,,,,,,,,,,,,,,,,,,2018_Jun_12_1619,60.2536388032,untitled,1,sub-02,
15,,,,,,,,,,,,,,,,,5.0,,,,,,,,,,,,,,,,,,,,,,,,,,2018_Jun_12_1619,60.2536388032,untitled,1,sub-02,
16,,,,,,,,,,,,,,,,,,4.0,,,,,,,,,,,,,,,,,,,,,,,,,2018_Jun_12_1619,60.2536388032,untitled,1,sub-02,
17,,,,,,,,,,,,,,,,,,,5.0,,,,,,,,,,,,,,,,,,,,,,,,2018_Jun_12_1619,60.2536388032,untitled,1,sub-02,
18,,,,,,,,,,,,,,,,,,,,5.0,,,,,,,,,,,,,,,,,,,,,,,2018_Jun_12_1619,60.2536388032,untitled,1,sub-02,
19,,,,,,,,,,,,,,,,,,,,,4.0,,,,,,,,,,,,,,,,,,,,,,2018_Jun_12_1619,60.2536388032,untitled,1,sub-02,
20,,,,,,,,,,,,,,,,,,,,,,2.0,,,,,,,,,,,,,,,,,,,,,2018_Jun_12_1619,60.2536388032,untitled,1,sub-02,
21,,,,,,,,,,,,,,,,,,,,,,,5.0,,,,,,,,,,,,,,,,,,,,2018_Jun_12_1619,60.2536388032,untitled,1,sub-02,
22,,,,,,,,,,,,,,,,,,,,,,,,5.0,,,,,,,,,,,,,,,,,,,2018_Jun_12_1619,60.2536388032,untitled,1,sub-02,
23,,,,,,,,,,,,,,,,,,,,,,,,,4.0,,,,,,,,,,,,,,,,,,2018_Jun_12_1619,60.2536388032,untitled,1,sub-02,
24,,,,,,,,,,,,,,,,,,,,,,,,,,3.0,,,,,,,,,,,,,,,,,2018_Jun_12_1619,60.2536388032,untitled,1,sub-02,
25,,,,,,,,,,,,,,,,,,,,,,,,,,,5.0,,,,,,,,,,,,,,,,2018_Jun_12_1619,60.2536388032,untitled,1,sub-02,
26,,,,,,,,,,,,,,,,,,,,,,,,,,,,2.0,,,,,,,,,,,,,,,2018_Jun_12_1619,60.2536388032,untitled,1,sub-02,
27,,,,,,,,,,,,,,,,,,,,,,,,,,,,,1.0,,,,,,,,,,,,,,2018_Jun_12_1619,60.2536388032,untitled,1,sub-02,
28,,,,,,,,,,,,,,,,,,,,,,,,,,,,,,3.0,,,,,,,,,,,,,2018_Jun_12_1619,60.2536388032,untitled,1,sub-02,
29,,,,,,,,,,,,,,,,,,,,,,,,,,,,,,,2.0,,,,,,,,,,,,2018_Jun_12_1619,60.2536388032,untitled,1,sub-02,
30,,,,,,,,,,,,,,,,,,,,,,,,,,,,,,,,5.0,,,,,,,,,,,2018_Jun_12_1619,60.2536388032,untitled,1,sub-02,
31,,,,,,,,,,,,,,,,,,,,,,,,,,,,,,,,,3.0,,,,,,,,,,2018_Jun_12_1619,60.2536388032,untitled,1,sub-02,
32,,,,,,,,,,,,,,,,,,,,,,,,,,,,,,,,,,4.0,,,,,,,,,2018_Jun_12_1619,60.2536388032,untitled,1,sub-02,
33,,,,,,,,,,,,,,,,,,,,,,,,,,,,,,,,,,,5.0,,,,,,,,2018_Jun_12_1619,60.2536388032,untitled,1,sub-02,
34,,,,,,,,,,,,,,,,,,,,,,,,,,,,,,,,,,,,ich spiele ein Instrument,,,,,,,2018_Jun_12_1619,60.2536388032,untitled,1,sub-02,
35,,,,,,,,,,,,,,,,,,,,,,,,,,,,,,,,,,,,,ich spielte ein Instrument,,,,,,2018_Jun_12_1619,60.2536388032,untitled,1,sub-02,
36,,,,,,,,,,,,,,,,,,,,,,,,,,,,,,,,,,,,,,5.0,,,,,2018_Jun_12_1619,60.2536388032,untitled,1,sub-02,
37,,,,,,,,,,,,,,,,,,,,,,,,,,,,,,,,,,,,,,,space,15.199026822999999,,,2018_Jun_12_1619,60.2536388032,untitled,1,sub-02,
38,,,,,,,,,,,,,,,,,,,,,,,,,,,,,,,,,,,,,,,,,4.0,,2018_Jun_12_1619,60.2536388032,untitled,1,sub-02,
39,,,,,,,,,,,,,,,,,,,,,,,,,,,,,,,,,,,,,,,,,,4.0,2018_Jun_12_1619,60.2536388032,untitled,1,sub-02,
0,Death Cub for Cutie; Sunset Sun; beide Pop/Rock,,,,,,,,,,,,,,,,,,,,,,,,,,,,,,,,,,,,,,,,,,2018_Jun_22_1431,,untitled,1,sub-10,
1,,2 Stunden,,,,,,,,,,,,,,,,,,,,,,,,,,,,,,,,,,,,,,,,,2018_Jun_22_1431,,untitled,1,sub-10,
2,,,Gitarre paar Monate,,,,,,,,,,,,,,,,,,,,,,,,,,,,,,,,,,,,,,,,2018_Jun_22_1431,,untitled,1,sub-10,
3,,,,"Querflöte 15 Jahre, Klavier 1 Jahr, Chor 2 Jahre",,,,,,,,,,,,,,,,,,,,,,,,,,,,,,,,,,,,,,,2018_Jun_22_1431,,untitled,1,sub-10,
4,,,,,right,10.3818018436,,,,,,,,,,,,,,,,,,,,,,,,,,,,,,,,,,,,,2018_Jun_22_1431,60.2246558584,untitled,1,sub-10,
5,,,,,,,5.0,,,,,,,,,,,,,,,,,,,,,,,,,,,,,,,,,,,,2018_Jun_22_1431,60.2246558584,untitled,1,sub-10,
6,,,,,,,,4.0,,,,,,,,,,,,,,,,,,,,,,,,,,,,,,,,,,,2018_Jun_22_1431,60.2246558584,untitled,1,sub-10,
7,,,,,,,,,1.0,,,,,,,,,,,,,,,,,,,,,,,,,,,,,,,,,,2018_Jun_22_1431,60.2246558584,untitled,1,sub-10,
8,,,,,,,,,,4.0,,,,,,,,,,,,,,,,,,,,,,,,,,,,,,,,,2018_Jun_22_1431,60.2246558584,untitled,1,sub-10,
9,,,,,,,,,,,2.0,,,,,,,,,,,,,,,,,,,,,,,,,,,,,,,,2018_Jun_22_1431,60.2246558584,untitled,1,sub-10,
10,,,,,,,,,,,,1.0,,,,,,,,,,,,,,,,,,,,,,,,,,,,,,,2018_Jun_22_1431,60.2246558584,untitled,1,sub-10,
11,,,,,,,,,,,,,1.0,,,,,,,,,,,,,,,,,,,,,,,,,,,,,,2018_Jun_22_1431,60.2246558584,untitled,1,sub-10,
12,,,,,,,,,,,,,,4.0,,,,,,,,,,,,,,,,,,,,,,,,,,,,,2018_Jun_22_1431,60.2246558584,untitled,1,sub-10,
13,,,,,,,,,,,,,,,2.0,,,,,,,,,,,,,,,,,,,,,,,,,,,,2018_Jun_22_1431,60.2246558584,untitled,1,sub-10,
14,,,,,,,,,,,,,,,,3.0,,,,,,,,,,,,,,,,,,,,,,,,,,,2018_Jun_22_1431,60.2246558584,untitled,1,sub-10,
15,,,,,,,,,,,,,,,,,2.0,,,,,,,,,,,,,,,,,,,,,,,,,,2018_Jun_22_1431,60.2246558584,untitled,1,sub-10,
16,,,,,,,,,,,,,,,,,,5.0,,,,,,,,,,,,,,,,,,,,,,,,,2018_Jun_22_1431,60.2246558584,untitled,1,sub-10,
17,,,,,,,,,,,,,,,,,,,3.0,,,,,,,,,,,,,,,,,,,,,,,,2018_Jun_22_1431,60.2246558584,untitled,1,sub-10,
18,,,,,,,,,,,,,,,,,,,,4.0,,,,,,,,,,,,,,,,,,,,,,,2018_Jun_22_1431,60.2246558584,untitled,1,sub-10,
19,,,,,,,,,,,,,,,,,,,,,1.0,,,,,,,,,,,,,,,,,,,,,,2018_Jun_22_1431,60.2246558584,untitled,1,sub-10,
20,,,,,,,,,,,,,,,,,,,,,,5.0,,,,,,,,,,,,,,,,,,,,,2018_Jun_22_1431,60.2246558584,untitled,1,sub-10,
21,,,,,,,,,,,,,,,,,,,,,,,5.0,,,,,,,,,,,,,,,,,,,,2018_Jun_22_1431,60.2246558584,untitled,1,sub-10,
22,,,,,,,,,,,,,,,,,,,,,,,,4.0,,,,,,,,,,,,,,,,,,,2018_Jun_22_1431,60.2246558584,untitled,1,sub-10,
23,,,,,,,,,,,,,,,,,,,,,,,,,2.0,,,,,,,,,,,,,,,,,,2018_Jun_22_1431,60.2246558584,untitled,1,sub-10,
24,,,,,,,,,,,,,,,,,,,,,,,,,,4.0,,,,,,,,,,,,,,,,,2018_Jun_22_1431,60.2246558584,untitled,1,sub-10,
25,,,,,,,,,,,,,,,,,,,,,,,,,,,4.0,,,,,,,,,,,,,,,,2018_Jun_22_1431,60.2246558584,untitled,1,sub-10,
26,,,,,,,,,,,,,,,,,,,,,,,,,,,,1.0,,,,,,,,,,,,,,,2018_Jun_22_1431,60.2246558584,untitled,1,sub-10,
27,,,,,,,,,,,,,,,,,,,,,,,,,,,,,1.0,,,,,,,,,,,,,,2018_Jun_22_1431,60.2246558584,untitled,1,sub-10,
28,,,,,,,,,,,,,,,,,,,,,,,,,,,,,,4.0,,,,,,,,,,,,,2018_Jun_22_1431,60.2246558584,untitled,1,sub-10,
29,,,,,,,,,,,,,,,,,,,,,,,,,,,,,,,3.0,,,,,,,,,,,,2018_Jun_22_1431,60.2246558584,untitled,1,sub-10,
30,,,,,,,,,,,,,,,,,,,,,,,,,,,,,,,,5.0,,,,,,,,,,,2018_Jun_22_1431,60.2246558584,untitled,1,sub-10,
31,,,,,,,,,,,,,,,,,,,,,,,,,,,,,,,,,3.0,,,,,,,,,,2018_Jun_22_1431,60.2246558584,untitled,1,sub-10,
32,,,,,,,,,,,,,,,,,,,,,,,,,,,,,,,,,,5.0,,,,,,,,,2018_Jun_22_1431,60.2246558584,untitled,1,sub-10,
33,,,,,,,,,,,,,,,,,,,,,,,,,,,,,,,,,,,2.0,,,,,,,,2018_Jun_22_1431,60.2246558584,untitled,1,sub-10,
34,,,,,,,,,,,,,,,,,,,,,,,,,,,,,,,,,,,,ich spiele ein Instrument,,,,,,,2018_Jun_22_1431,60.2246558584,untitled,1,sub-10,
35,,,,,,,,,,,,,,,,,,,,,,,,,,,,,,,,,,,,,beides,,,,,,2018_Jun_22_1431,60.2246558584,untitled,1,sub-10,
36,,,,,,,,,,,,,,,,,,,,,,,,,,,,,,,,,,,,,,5.0,,,,,2018_Jun_22_1431,60.2246558584,untitled,1,sub-10,
37,,,,,,,,,,,,,,,,,,,,,,,,,,,,,,,,,,,,,,,right,15.4942560196,,,2018_Jun_22_1431,60.2246558584,untitled,1,sub-10,
38,,,,,,,,,,,,,,,,,,,,,,,,,,,,,,,,,,,,,,,,,3.0,,2018_Jun_22_1431,60.2246558584,untitled,1,sub-10,
39,,,,,,,,,,,,,,,,,,,,,,,,,,,,,,,,,,,,,,,,,,5.0,2018_Jun_22_1431,60.2246558584,untitled,1,sub-10,
0,Ben l'oncle Soul,,,,,,,,,,,,,,,,,,,,,,,,,,,,,,,,,,,,,,,,,,2018_Jun_29_1455,,untitled,1,sub-16,
1,,30 Minuten,,,,,,,,,,,,,,,,,,,,,,,,,,,,,,,,,,,,,,,,,2018_Jun_29_1455,,untitled,1,sub-16,
2,,,--,,,,,,,,,,,,,,,,,,,,,,,,,,,,,,,,,,,,,,,,2018_Jun_29_1455,,untitled,1,sub-16,
3,,,,"Keyboard, 3 Jahre im Grundschulalter",,,,,,,,,,,,,,,,,,,,,,,,,,,,,,,,,,,,,,,2018_Jun_29_1455,,untitled,1,sub-16,
4,,,,,right,8.95378303528,,,,,,,,,,,,,,,,,,,,,,,,,,,,,,,,,,,,,2018_Jun_29_1455,60.2678376421,untitled,1,sub-16,
5,,,,,,,3.0,,,,,,,,,,,,,,,,,,,,,,,,,,,,,,,,,,,,2018_Jun_29_1455,60.2678376421,untitled,1,sub-16,
6,,,,,,,,4.0,,,,,,,,,,,,,,,,,,,,,,,,,,,,,,,,,,,2018_Jun_29_1455,60.2678376421,untitled,1,sub-16,
7,,,,,,,,,5.0,,,,,,,,,,,,,,,,,,,,,,,,,,,,,,,,,,2018_Jun_29_1455,60.2678376421,untitled,1,sub-16,
8,,,,,,,,,,5.0,,,,,,,,,,,,,,,,,,,,,,,,,,,,,,,,,2018_Jun_29_1455,60.2678376421,untitled,1,sub-16,
9,,,,,,,,,,,5.0,,,,,,,,,,,,,,,,,,,,,,,,,,,,,,,,2018_Jun_29_1455,60.2678376421,untitled,1,sub-16,
10,,,,,,,,,,,,2.0,,,,,,,,,,,,,,,,,,,,,,,,,,,,,,,2018_Jun_29_1455,60.2678376421,untitled,1,sub-16,
11,,,,,,,,,,,,,1.0,,,,,,,,,,,,,,,,,,,,,,,,,,,,,,2018_Jun_29_1455,60.2678376421,untitled,1,sub-16,
12,,,,,,,,,,,,,,5.0,,,,,,,,,,,,,,,,,,,,,,,,,,,,,2018_Jun_29_1455,60.2678376421,untitled,1,sub-16,
13,,,,,,,,,,,,,,,1.0,,,,,,,,,,,,,,,,,,,,,,,,,,,,2018_Jun_29_1455,60.2678376421,untitled,1,sub-16,
14,,,,,,,,,,,,,,,,3.0,,,,,,,,,,,,,,,,,,,,,,,,,,,2018_Jun_29_1455,60.2678376421,untitled,1,sub-16,
15,,,,,,,,,,,,,,,,,4.0,,,,,,,,,,,,,,,,,,,,,,,,,,2018_Jun_29_1455,60.2678376421,untitled,1,sub-16,
16,,,,,,,,,,,,,,,,,,3.0,,,,,,,,,,,,,,,,,,,,,,,,,2018_Jun_29_1455,60.2678376421,untitled,1,sub-16,
17,,,,,,,,,,,,,,,,,,,5.0,,,,,,,,,,,,,,,,,,,,,,,,2018_Jun_29_1455,60.2678376421,untitled,1,sub-16,
18,,,,,,,,,,,,,,,,,,,,4.0,,,,,,,,,,,,,,,,,,,,,,,2018_Jun_29_1455,60.2678376421,untitled,1,sub-16,
19,,,,,,,,,,,,,,,,,,,,,5.0,,,,,,,,,,,,,,,,,,,,,,2018_Jun_29_1455,60.2678376421,untitled,1,sub-16,
20,,,,,,,,,,,,,,,,,,,,,,3.0,,,,,,,,,,,,,,,,,,,,,2018_Jun_29_1455,60.2678376421,untitled,1,sub-16,
21,,,,,,,,,,,,,,,,,,,,,,,4.0,,,,,,,,,,,,,,,,,,,,2018_Jun_29_1455,60.2678376421,untitled,1,sub-16,
22,,,,,,,,,,,,,,,,,,,,,,,,4.0,,,,,,,,,,,,,,,,,,,2018_Jun_29_1455,60.2678376421,untitled,1,sub-16,
23,,,,,,,,,,,,,,,,,,,,,,,,,4.0,,,,,,,,,,,,,,,,,,2018_Jun_29_1455,60.2678376421,untitled,1,sub-16,
24,,,,,,,,,,,,,,,,,,,,,,,,,,2.0,,,,,,,,,,,,,,,,,2018_Jun_29_1455,60.2678376421,untitled,1,sub-16,
25,,,,,,,,,,,,,,,,,,,,,,,,,,,3.0,,,,,,,,,,,,,,,,2018_Jun_29_1455,60.2678376421,untitled,1,sub-16,
26,,,,,,,,,,,,,,,,,,,,,,,,,,,,2.0,,,,,,,,,,,,,,,2018_Jun_29_1455,60.2678376421,untitled,1,sub-16,
27,,,,,,,,,,,,,,,,,,,,,,,,,,,,,1.0,,,,,,,,,,,,,,2018_Jun_29_1455,60.2678376421,untitled,1,sub-16,
28,,,,,,,,,,,,,,,,,,,,,,,,,,,,,,1.0,,,,,,,,,,,,,2018_Jun_29_1455,60.2678376421,untitled,1,sub-16,
29,,,,,,,,,,,,,,,,,,,,,,,,,,,,,,,1.0,,,,,,,,,,,,2018_Jun_29_1455,60.2678376421,untitled,1,sub-16,
30,,,,,,,,,,,,,,,,,,,,,,,,,,,,,,,,5.0,,,,,,,,,,,2018_Jun_29_1455,60.2678376421,untitled,1,sub-16,
31,,,,,,,,,,,,,,,,,,,,,,,,,,,,,,,,,2.0,,,,,,,,,,2018_Jun_29_1455,60.2678376421,untitled,1,sub-16,
32,,,,,,,,,,,,,,,,,,,,,,,,,,,,,,,,,,4.0,,,,,,,,,2018_Jun_29_1455,60.2678376421,untitled,1,sub-16,
33,,,,,,,,,,,,,,,,,,,,,,,,,,,,,,,,,,,5.0,,,,,,,,2018_Jun_29_1455,60.2678376421,untitled,1,sub-16,
34,,,,,,,,,,,,,,,,,,,,,,,,,,,,,,,,,,,,nein,,,,,,,2018_Jun_29_1455,60.2678376421,untitled,1,sub-16,
35,,,,,,,,,,,,,,,,,,,,,,,,,,,,,,,,,,,,,ich spielte ein Instrument,,,,,,2018_Jun_29_1455,60.2678376421,untitled,1,sub-16,
36,,,,,,,,,,,,,,,,,,,,,,,,,,,,,,,,,,,,,,4.0,,,,,2018_Jun_29_1455,60.2678376421,untitled,1,sub-16,
37,,,,,,,,,,,,,,,,,,,,,,,,,,,,,,,,,,,,,,,space,14.6828699112,,,2018_Jun_29_1455,60.2678376421,untitled,1,sub-16,
38,,,,,,,,,,,,,,,,,,,,,,,,,,,,,,,,,,,,,,,,,4.0,,2018_Jun_29_1455,60.2678376421,untitled,1,sub-16,
39,,,,,,,,,,,,,,,,,,,,,,,,,,,,,,,,,,,,,,,,,,5.0,2018_Jun_29_1455,60.2678376421,untitled,1,sub-16,
0,"Demi Lovato (Reggaeton), Don Omar (Hip hop)",,,,,,,,,,,,,,,,,,,,,,,,,,,,,,,,,,,,,,,,,,2018_Jun_22_1644,,untitled,1,sub-11,
1,,4 Stunden,,,,,,,,,,,,,,,,,,,,,,,,,,,,,,,,,,,,,,,,,2018_Jun_22_1644,,untitled,1,sub-11,
2,,,momentan kein Instrument,,,,,,,,,,,,,,,,,,,,,,,,,,,,,,,,,,,,,,,,2018_Jun_22_1644,,untitled,1,sub-11,
3,,,,Geige für 7 Jahre ,,,,,,,,,,,,,,,,,,,,,,,,,,,,,,,,,,,,,,,2018_Jun_22_1644,,untitled,1,sub-11,
4,,,,,space,16.9269380569,,,,,,,,,,,,,,,,,,,,,,,,,,,,,,,,,,,,,2018_Jun_22_1644,60.172470436000005,untitled,1,sub-11,
5,,,,,,,5.0,,,,,,,,,,,,,,,,,,,,,,,,,,,,,,,,,,,,2018_Jun_22_1644,60.172470436000005,untitled,1,sub-11,
6,,,,,,,,4.0,,,,,,,,,,,,,,,,,,,,,,,,,,,,,,,,,,,2018_Jun_22_1644,60.172470436000005,untitled,1,sub-11,
7,,,,,,,,,4.0,,,,,,,,,,,,,,,,,,,,,,,,,,,,,,,,,,2018_Jun_22_1644,60.172470436000005,untitled,1,sub-11,
8,,,,,,,,,,5.0,,,,,,,,,,,,,,,,,,,,,,,,,,,,,,,,,2018_Jun_22_1644,60.172470436000005,untitled,1,sub-11,
9,,,,,,,,,,,3.0,,,,,,,,,,,,,,,,,,,,,,,,,,,,,,,,2018_Jun_22_1644,60.172470436000005,untitled,1,sub-11,
10,,,,,,,,,,,,1.0,,,,,,,,,,,,,,,,,,,,,,,,,,,,,,,2018_Jun_22_1644,60.172470436000005,untitled,1,sub-11,
11,,,,,,,,,,,,,4.0,,,,,,,,,,,,,,,,,,,,,,,,,,,,,,2018_Jun_22_1644,60.172470436000005,untitled,1,sub-11,
12,,,,,,,,,,,,,,1.0,,,,,,,,,,,,,,,,,,,,,,,,,,,,,2018_Jun_22_1644,60.172470436000005,untitled,1,sub-11,
13,,,,,,,,,,,,,,,2.0,,,,,,,,,,,,,,,,,,,,,,,,,,,,2018_Jun_22_1644,60.172470436000005,untitled,1,sub-11,
14,,,,,,,,,,,,,,,,4.0,,,,,,,,,,,,,,,,,,,,,,,,,,,2018_Jun_22_1644,60.172470436000005,untitled,1,sub-11,
15,,,,,,,,,,,,,,,,,2.0,,,,,,,,,,,,,,,,,,,,,,,,,,2018_Jun_22_1644,60.172470436000005,untitled,1,sub-11,
16,,,,,,,,,,,,,,,,,,5.0,,,,,,,,,,,,,,,,,,,,,,,,,2018_Jun_22_1644,60.172470436000005,untitled,1,sub-11,
17,,,,,,,,,,,,,,,,,,,4.0,,,,,,,,,,,,,,,,,,,,,,,,2018_Jun_22_1644,60.172470436000005,untitled,1,sub-11,
18,,,,,,,,,,,,,,,,,,,,2.0,,,,,,,,,,,,,,,,,,,,,,,2018_Jun_22_1644,60.172470436000005,untitled,1,sub-11,
19,,,,,,,,,,,,,,,,,,,,,1.0,,,,,,,,,,,,,,,,,,,,,,2018_Jun_22_1644,60.172470436000005,untitled,1,sub-11,
20,,,,,,,,,,,,,,,,,,,,,,1.0,,,,,,,,,,,,,,,,,,,,,2018_Jun_22_1644,60.172470436000005,untitled,1,sub-11,
21,,,,,,,,,,,,,,,,,,,,,,,3.0,,,,,,,,,,,,,,,,,,,,2018_Jun_22_1644,60.172470436000005,untitled,1,sub-11,
22,,,,,,,,,,,,,,,,,,,,,,,,3.0,,,,,,,,,,,,,,,,,,,2018_Jun_22_1644,60.172470436000005,untitled,1,sub-11,
23,,,,,,,,,,,,,,,,,,,,,,,,,4.0,,,,,,,,,,,,,,,,,,2018_Jun_22_1644,60.172470436000005,untitled,1,sub-11,
24,,,,,,,,,,,,,,,,,,,,,,,,,,1.0,,,,,,,,,,,,,,,,,2018_Jun_22_1644,60.172470436000005,untitled,1,sub-11,
25,,,,,,,,,,,,,,,,,,,,,,,,,,,5.0,,,,,,,,,,,,,,,,2018_Jun_22_1644,60.172470436000005,untitled,1,sub-11,
26,,,,,,,,,,,,,,,,,,,,,,,,,,,,4.0,,,,,,,,,,,,,,,2018_Jun_22_1644,60.172470436000005,untitled,1,sub-11,
27,,,,,,,,,,,,,,,,,,,,,,,,,,,,,1.0,,,,,,,,,,,,,,2018_Jun_22_1644,60.172470436000005,untitled,1,sub-11,
28,,,,,,,,,,,,,,,,,,,,,,,,,,,,,,2.0,,,,,,,,,,,,,2018_Jun_22_1644,60.172470436000005,untitled,1,sub-11,
29,,,,,,,,,,,,,,,,,,,,,,,,,,,,,,,2.0,,,,,,,,,,,,2018_Jun_22_1644,60.172470436000005,untitled,1,sub-11,
30,,,,,,,,,,,,,,,,,,,,,,,,,,,,,,,,5.0,,,,,,,,,,,2018_Jun_22_1644,60.172470436000005,untitled,1,sub-11,
31,,,,,,,,,,,,,,,,,,,,,,,,,,,,,,,,,1.0,,,,,,,,,,2018_Jun_22_1644,60.172470436000005,untitled,1,sub-11,
32,,,,,,,,,,,,,,,,,,,,,,,,,,,,,,,,,,5.0,,,,,,,,,2018_Jun_22_1644,60.172470436000005,untitled,1,sub-11,
33,,,,,,,,,,,,,,,,,,,,,,,,,,,,,,,,,,,4.0,,,,,,,,2018_Jun_22_1644,60.172470436000005,untitled,1,sub-11,
34,,,,,,,,,,,,,,,,,,,,,,,,,,,,,,,,,,,,nein,,,,,,,2018_Jun_22_1644,60.172470436000005,untitled,1,sub-11,
35,,,,,,,,,,,,,,,,,,,,,,,,,,,,,,,,,,,,,ich spielte ein Instrument,,,,,,2018_Jun_22_1644,60.172470436000005,untitled,1,sub-11,
36,,,,,,,,,,,,,,,,,,,,,,,,,,,,,,,,,,,,,,5.0,,,,,2018_Jun_22_1644,60.172470436000005,untitled,1,sub-11,
37,,,,,,,,,,,,,,,,,,,,,,,,,,,,,,,,,,,,,,,space,23.482145070999998,,,2018_Jun_22_1644,60.172470436000005,untitled,1,sub-11,
38,,,,,,,,,,,,,,,,,,,,,,,,,,,,,,,,,,,,,,,,,1.0,,2018_Jun_22_1644,60.172470436000005,untitled,1,sub-11,
39,,,,,,,,,,,,,,,,,,,,,,,,,,,,,,,,,,,,,,,,,,1.0,2018_Jun_22_1644,60.172470436000005,untitled,1,sub-11,
0,"Led Zeppelin, Rock",,,,,,,,,,,,,,,,,,,,,,,,,,,,,,,,,,,,,,,,,,2018_Jun_24_1307,,untitled,1,sub-12,
1,,30 min,,,,,,,,,,,,,,,,,,,,,,,,,,,,,,,,,,,,,,,,,2018_Jun_24_1307,,untitled,1,sub-12,
2,,,,,,,,,,,,,,,,,,,,,,,,,,,,,,,,,,,,,,,,,,,2018_Jun_24_1307,,untitled,1,sub-12,
3,,,,"Gitarre, 5 Jahre; chor 1 jahr",,,,,,,,,,,,,,,,,,,,,,,,,,,,,,,,,,,,,,,2018_Jun_24_1307,,untitled,1,sub-12,
4,,,,,right,16.5756340027,,,,,,,,,,,,,,,,,,,,,,,,,,,,,,,,,,,,,2018_Jun_24_1307,60.2231858255,untitled,1,sub-12,
5,,,,,,,1.0,,,,,,,,,,,,,,,,,,,,,,,,,,,,,,,,,,,,2018_Jun_24_1307,60.2231858255,untitled,1,sub-12,
6,,,,,,,,5.0,,,,,,,,,,,,,,,,,,,,,,,,,,,,,,,,,,,2018_Jun_24_1307,60.2231858255,untitled,1,sub-12,
7,,,,,,,,,1.0,,,,,,,,,,,,,,,,,,,,,,,,,,,,,,,,,,2018_Jun_24_1307,60.2231858255,untitled,1,sub-12,
8,,,,,,,,,,3.0,,,,,,,,,,,,,,,,,,,,,,,,,,,,,,,,,2018_Jun_24_1307,60.2231858255,untitled,1,sub-12,
9,,,,,,,,,,,4.0,,,,,,,,,,,,,,,,,,,,,,,,,,,,,,,,2018_Jun_24_1307,60.2231858255,untitled,1,sub-12,
10,,,,,,,,,,,,5.0,,,,,,,,,,,,,,,,,,,,,,,,,,,,,,,2018_Jun_24_1307,60.2231858255,untitled,1,sub-12,
11,,,,,,,,,,,,,3.0,,,,,,,,,,,,,,,,,,,,,,,,,,,,,,2018_Jun_24_1307,60.2231858255,untitled,1,sub-12,
12,,,,,,,,,,,,,,1.0,,,,,,,,,,,,,,,,,,,,,,,,,,,,,2018_Jun_24_1307,60.2231858255,untitled,1,sub-12,
13,,,,,,,,,,,,,,,2.0,,,,,,,,,,,,,,,,,,,,,,,,,,,,2018_Jun_24_1307,60.2231858255,untitled,1,sub-12,
14,,,,,,,,,,,,,,,,1.0,,,,,,,,,,,,,,,,,,,,,,,,,,,2018_Jun_24_1307,60.2231858255,untitled,1,sub-12,
15,,,,,,,,,,,,,,,,,3.0,,,,,,,,,,,,,,,,,,,,,,,,,,2018_Jun_24_1307,60.2231858255,untitled,1,sub-12,
16,,,,,,,,,,,,,,,,,,5.0,,,,,,,,,,,,,,,,,,,,,,,,,2018_Jun_24_1307,60.2231858255,untitled,1,sub-12,
17,,,,,,,,,,,,,,,,,,,3.0,,,,,,,,,,,,,,,,,,,,,,,,2018_Jun_24_1307,60.2231858255,untitled,1,sub-12,
18,,,,,,,,,,,,,,,,,,,,4.0,,,,,,,,,,,,,,,,,,,,,,,2018_Jun_24_1307,60.2231858255,untitled,1,sub-12,
19,,,,,,,,,,,,,,,,,,,,,2.0,,,,,,,,,,,,,,,,,,,,,,2018_Jun_24_1307,60.2231858255,untitled,1,sub-12,
20,,,,,,,,,,,,,,,,,,,,,,1.0,,,,,,,,,,,,,,,,,,,,,2018_Jun_24_1307,60.2231858255,untitled,1,sub-12,
21,,,,,,,,,,,,,,,,,,,,,,,4.0,,,,,,,,,,,,,,,,,,,,2018_Jun_24_1307,60.2231858255,untitled,1,sub-12,
22,,,,,,,,,,,,,,,,,,,,,,,,4.0,,,,,,,,,,,,,,,,,,,2018_Jun_24_1307,60.2231858255,untitled,1,sub-12,
23,,,,,,,,,,,,,,,,,,,,,,,,,3.0,,,,,,,,,,,,,,,,,,2018_Jun_24_1307,60.2231858255,untitled,1,sub-12,
24,,,,,,,,,,,,,,,,,,,,,,,,,,3.0,,,,,,,,,,,,,,,,,2018_Jun_24_1307,60.2231858255,untitled,1,sub-12,
25,,,,,,,,,,,,,,,,,,,,,,,,,,,5.0,,,,,,,,,,,,,,,,2018_Jun_24_1307,60.2231858255,untitled,1,sub-12,
26,,,,,,,,,,,,,,,,,,,,,,,,,,,,3.0,,,,,,,,,,,,,,,2018_Jun_24_1307,60.2231858255,untitled,1,sub-12,
27,,,,,,,,,,,,,,,,,,,,,,,,,,,,,2.0,,,,,,,,,,,,,,2018_Jun_24_1307,60.2231858255,untitled,1,sub-12,
28,,,,,,,,,,,,,,,,,,,,,,,,,,,,,,1.0,,,,,,,,,,,,,2018_Jun_24_1307,60.2231858255,untitled,1,sub-12,
29,,,,,,,,,,,,,,,,,,,,,,,,,,,,,,,1.0,,,,,,,,,,,,2018_Jun_24_1307,60.2231858255,untitled,1,sub-12,
30,,,,,,,,,,,,,,,,,,,,,,,,,,,,,,,,4.0,,,,,,,,,,,2018_Jun_24_1307,60.2231858255,untitled,1,sub-12,
31,,,,,,,,,,,,,,,,,,,,,,,,,,,,,,,,,1.0,,,,,,,,,,2018_Jun_24_1307,60.2231858255,untitled,1,sub-12,
32,,,,,,,,,,,,,,,,,,,,,,,,,,,,,,,,,,3.0,,,,,,,,,2018_Jun_24_1307,60.2231858255,untitled,1,sub-12,
33,,,,,,,,,,,,,,,,,,,,,,,,,,,,,,,,,,,4.0,,,,,,,,2018_Jun_24_1307,60.2231858255,untitled,1,sub-12,
34,,,,,,,,,,,,,,,,,,,,,,,,,,,,,,,,,,,,nein,,,,,,,2018_Jun_24_1307,60.2231858255,untitled,1,sub-12,
35,,,,,,,,,,,,,,,,,,,,,,,,,,,,,,,,,,,,,beides,,,,,,2018_Jun_24_1307,60.2231858255,untitled,1,sub-12,
36,,,,,,,,,,,,,,,,,,,,,,,,,,,,,,,,,,,,,,5.0,,,,,2018_Jun_24_1307,60.2231858255,untitled,1,sub-12,
37,,,,,,,,,,,,,,,,,,,,,,,,,,,,,,,,,,,,,,,right,19.9775998592,,,2018_Jun_24_1307,60.2231858255,untitled,1,sub-12,
38,,,,,,,,,,,,,,,,,,,,,,,,,,,,,,,,,,,,,,,,,3.0,,2018_Jun_24_1307,60.2231858255,untitled,1,sub-12,
39,,,,,,,,,,,,,,,,,,,,,,,,,,,,,,,,,,,,,,,,,,4.0,2018_Jun_24_1307,60.2231858255,untitled,1,sub-12,
0,Animals as Leaders (Progressive Metal); Jack Garratt (Electro-Pop); Mike Dawes (Percussive Acoustic Guitar),,,,,,,,,,,,,,,,,,,,,,,,,,,,,,,,,,,,,,,,,,2018_Jun_24_1453,,untitled,1,sub-13,
1,,3 Stunden,,,,,,,,,,,,,,,,,,,,,,,,,,,,,,,,,,,,,,,,,2018_Jun_24_1453,,untitled,1,sub-13,
2,,,Seit 8 Jahren Gitarre; Seit ca 3 Jahren Gesang/Rap und Gitarre in einer Band,,,,,,,,,,,,,,,,,,,,,,,,,,,,,,,,,,,,,,,,2018_Jun_24_1453,,untitled,1,sub-13,
3,,,,3 Jahre in einer (anderen) Band Gesang und Rap,,,,,,,,,,,,,,,,,,,,,,,,,,,,,,,,,,,,,,,2018_Jun_24_1453,,untitled,1,sub-13,
4,,,,,right,14.9317979813,,,,,,,,,,,,,,,,,,,,,,,,,,,,,,,,,,,,,2018_Jun_24_1453,60.197083078599995,untitled,1,sub-13,
5,,,,,,,2.0,,,,,,,,,,,,,,,,,,,,,,,,,,,,,,,,,,,,2018_Jun_24_1453,60.197083078599995,untitled,1,sub-13,
6,,,,,,,,4.0,,,,,,,,,,,,,,,,,,,,,,,,,,,,,,,,,,,2018_Jun_24_1453,60.197083078599995,untitled,1,sub-13,
7,,,,,,,,,4.0,,,,,,,,,,,,,,,,,,,,,,,,,,,,,,,,,,2018_Jun_24_1453,60.197083078599995,untitled,1,sub-13,
8,,,,,,,,,,3.0,,,,,,,,,,,,,,,,,,,,,,,,,,,,,,,,,2018_Jun_24_1453,60.197083078599995,untitled,1,sub-13,
9,,,,,,,,,,,4.0,,,,,,,,,,,,,,,,,,,,,,,,,,,,,,,,2018_Jun_24_1453,60.197083078599995,untitled,1,sub-13,
10,,,,,,,,,,,,5.0,,,,,,,,,,,,,,,,,,,,,,,,,,,,,,,2018_Jun_24_1453,60.197083078599995,untitled,1,sub-13,
11,,,,,,,,,,,,,3.0,,,,,,,,,,,,,,,,,,,,,,,,,,,,,,2018_Jun_24_1453,60.197083078599995,untitled,1,sub-13,
12,,,,,,,,,,,,,,1.0,,,,,,,,,,,,,,,,,,,,,,,,,,,,,2018_Jun_24_1453,60.197083078599995,untitled,1,sub-13,
13,,,,,,,,,,,,,,,1.0,,,,,,,,,,,,,,,,,,,,,,,,,,,,2018_Jun_24_1453,60.197083078599995,untitled,1,sub-13,
14,,,,,,,,,,,,,,,,3.0,,,,,,,,,,,,,,,,,,,,,,,,,,,2018_Jun_24_1453,60.197083078599995,untitled,1,sub-13,
15,,,,,,,,,,,,,,,,,5.0,,,,,,,,,,,,,,,,,,,,,,,,,,2018_Jun_24_1453,60.197083078599995,untitled,1,sub-13,
16,,,,,,,,,,,,,,,,,,5.0,,,,,,,,,,,,,,,,,,,,,,,,,2018_Jun_24_1453,60.197083078599995,untitled,1,sub-13,
17,,,,,,,,,,,,,,,,,,,3.0,,,,,,,,,,,,,,,,,,,,,,,,2018_Jun_24_1453,60.197083078599995,untitled,1,sub-13,
18,,,,,,,,,,,,,,,,,,,,5.0,,,,,,,,,,,,,,,,,,,,,,,2018_Jun_24_1453,60.197083078599995,untitled,1,sub-13,
19,,,,,,,,,,,,,,,,,,,,,1.0,,,,,,,,,,,,,,,,,,,,,,2018_Jun_24_1453,60.197083078599995,untitled,1,sub-13,
20,,,,,,,,,,,,,,,,,,,,,,4.0,,,,,,,,,,,,,,,,,,,,,2018_Jun_24_1453,60.197083078599995,untitled,1,sub-13,
21,,,,,,,,,,,,,,,,,,,,,,,3.0,,,,,,,,,,,,,,,,,,,,2018_Jun_24_1453,60.197083078599995,untitled,1,sub-13,
22,,,,,,,,,,,,,,,,,,,,,,,,2.0,,,,,,,,,,,,,,,,,,,2018_Jun_24_1453,60.197083078599995,untitled,1,sub-13,
23,,,,,,,,,,,,,,,,,,,,,,,,,4.0,,,,,,,,,,,,,,,,,,2018_Jun_24_1453,60.197083078599995,untitled,1,sub-13,
24,,,,,,,,,,,,,,,,,,,,,,,,,,1.0,,,,,,,,,,,,,,,,,2018_Jun_24_1453,60.197083078599995,untitled,1,sub-13,
25,,,,,,,,,,,,,,,,,,,,,,,,,,,4.0,,,,,,,,,,,,,,,,2018_Jun_24_1453,60.197083078599995,untitled,1,sub-13,
26,,,,,,,,,,,,,,,,,,,,,,,,,,,,3.0,,,,,,,,,,,,,,,2018_Jun_24_1453,60.197083078599995,untitled,1,sub-13,
27,,,,,,,,,,,,,,,,,,,,,,,,,,,,,3.0,,,,,,,,,,,,,,2018_Jun_24_1453,60.197083078599995,untitled,1,sub-13,
28,,,,,,,,,,,,,,,,,,,,,,,,,,,,,,2.0,,,,,,,,,,,,,2018_Jun_24_1453,60.197083078599995,untitled,1,sub-13,
29,,,,,,,,,,,,,,,,,,,,,,,,,,,,,,,1.0,,,,,,,,,,,,2018_Jun_24_1453,60.197083078599995,untitled,1,sub-13,
30,,,,,,,,,,,,,,,,,,,,,,,,,,,,,,,,5.0,,,,,,,,,,,2018_Jun_24_1453,60.197083078599995,untitled,1,sub-13,
31,,,,,,,,,,,,,,,,,,,,,,,,,,,,,,,,,5.0,,,,,,,,,,2018_Jun_24_1453,60.197083078599995,untitled,1,sub-13,
32,,,,,,,,,,,,,,,,,,,,,,,,,,,,,,,,,,5.0,,,,,,,,,2018_Jun_24_1453,60.197083078599995,untitled,1,sub-13,
33,,,,,,,,,,,,,,,,,,,,,,,,,,,,,,,,,,,4.0,,,,,,,,2018_Jun_24_1453,60.197083078599995,untitled,1,sub-13,
34,,,,,,,,,,,,,,,,,,,,,,,,,,,,,,,,,,,,beides,,,,,,,2018_Jun_24_1453,60.197083078599995,untitled,1,sub-13,
35,,,,,,,,,,,,,,,,,,,,,,,,,,,,,,,,,,,,,beides,,,,,,2018_Jun_24_1453,60.197083078599995,untitled,1,sub-13,
36,,,,,,,,,,,,,,,,,,,,,,,,,,,,,,,,,,,,,,5.0,,,,,2018_Jun_24_1453,60.197083078599995,untitled,1,sub-13,
37,,,,,,,,,,,,,,,,,,,,,,,,,,,,,,,,,,,,,,,space,13.304930925399999,,,2018_Jun_24_1453,60.197083078599995,untitled,1,sub-13,
38,,,,,,,,,,,,,,,,,,,,,,,,,,,,,,,,,,,,,,,,,4.0,,2018_Jun_24_1453,60.197083078599995,untitled,1,sub-13,
39,,,,,,,,,,,,,,,,,,,,,,,,,,,,,,,,,,,,,,,,,,4.0,2018_Jun_24_1453,60.197083078599995,untitled,1,sub-13,
